year,municipality,municipality_id,district,district_id,typology,layout,rent_type,lower_rent_value,upper_rent_value,avg_rent_value,lable,shape_Length,shape_Area
2022,Abu Dhabi City,41,AL REEM ISLAND,57,All property types,1 bed,All types,50000.000000000000000,65000.000000000000000,58365.000000000000000,58k,14025.183842866346822,12889332.855498872697353
2022,Abu Dhabi City,41,AL REEM ISLAND,57,All property types,1 bed,New,48026.000000000000000,63992.000000000000000,56636.000000000000000,57k,14025.183842866346822,12889332.855498872697353
2022,Abu Dhabi City,41,AL REEM ISLAND,57,All property types,1 bed,Renewal,51000.000000000000000,65800.000000000000000,59395.000000000000000,59k,14025.183842866346822,12889332.855498872697353
2022,Abu Dhabi City,41,AL REEM ISLAND,57,All property types,2 beds,All types,73000.000000000000000,100000.000000000000000,89918.000000000000000,90k,14025.183842866346822,12889332.855498872697353
2022,Abu Dhabi City,41,AL REEM ISLAND,57,All property types,2 beds,New,71750.000000000000000,98000.000000000000000,88404.000000000000000,88k,14025.183842866346822,12889332.855498872697353
2022,Abu Dhabi City,41,AL REEM ISLAND,57,All property types,2 beds,Renewal,75000.000000000000000,101572.000000000000000,90640.000000000000000,91k,14025.183842866346822,12889332.855498872697353
2022,Abu Dhabi City,41,AL REEM ISLAND,57,All property types,3 beds,All types,132500.000000000000000,182773.000000000000000,155633.500000000000000,156k,14025.183842866346822,12889332.855498872697353
2022,Abu Dhabi City,41,AL REEM ISLAND,57,All property types,3 beds,New,100170.000000000000000,140000.000000000000000,125399.000000000000000,125k,14025.183842866346822,12889332.855498872697353
2022,Abu Dhabi City,41,AL REEM ISLAND,57,All property types,3 beds,Renewal,132500.000000000000000,182795.000000000000000,154662.000000000000000,155k,14025.183842866346822,12889332.855498872697353
2022,Abu Dhabi City,41,AL REEM ISLAND,57,All property types,4 beds,All types,165000.500000000000000,200000.000000000000000,182875.500000000000000,183k,14025.183842866346822,12889332.855498872697353
2022,Abu Dhabi City,41,AL REEM ISLAND,57,All property types,4 beds,New,105000.000000000000000,158400.000000000000000,135919.000000000000000,136k,14025.183842866346822,12889332.855498872697353
2022,Abu Dhabi City,41,AL REEM ISLAND,57,All property types,4 beds,Renewal,165420.000000000000000,196700.000000000000000,181772.500000000000000,182k,14025.183842866346822,12889332.855498872697353
2022,Abu Dhabi City,41,AL REEM ISLAND,57,All property types,5 beds,All types,160000.000000000000000,185102.000000000000000,173861.000000000000000,174k,14025.183842866346822,12889332.855498872697353
2022,Abu Dhabi City,41,AL REEM ISLAND,57,All property types,5 beds,New,167000.000000000000000,189600.000000000000000,183583.000000000000000,184k,14025.183842866346822,12889332.855498872697353
2022,Abu Dhabi City,41,AL REEM ISLAND,57,All property types,5 beds,Renewal,160000.000000000000000,185000.000000000000000,172006.000000000000000,172k,14025.183842866346822,12889332.855498872697353
2022,Abu Dhabi City,41,AL REEM ISLAND,57,All property types,All beds,All types,115062.625000000000000,145306.000000000000000,130542.125000000000000,131k,14025.183842866346822,12889332.855498872697353
2022,Abu Dhabi City,41,AL REEM ISLAND,57,All property types,All beds,New,89074.333333000002312,115998.666666000004625,105760.666666000004625,106k,14025.183842866346822,12889332.855498872697353
2022,Abu Dhabi City,41,AL REEM ISLAND,57,All property types,All beds,Renewal,115536.750000000000000,144807.750000000000000,129995.000000000000000,130k,14025.183842866346822,12889332.855498872697353
2022,Abu Dhabi City,41,AL REEM ISLAND,57,All property types,Studio,All types,42500.000000000000000,46800.000000000000000,45175.000000000000000,45k,14025.183842866346822,12889332.855498872697353
2022,Abu Dhabi City,41,AL REEM ISLAND,57,All property types,Studio,New,42500.000000000000000,46000.000000000000000,44623.000000000000000,45k,14025.183842866346822,12889332.855498872697353
2022,Abu Dhabi City,41,AL REEM ISLAND,57,All property types,Studio,Renewal,42454.000000000000000,47100.000000000000000,45050.000000000000000,45k,14025.183842866346822,12889332.855498872697353
2022,Abu Dhabi City,41,AL REEM ISLAND,57,Apartment / Duplex,1 bed,All types,50000.000000000000000,65000.000000000000000,58365.000000000000000,58k,14025.183842866346822,12889332.855498872697353
2022,Abu Dhabi City,41,AL REEM ISLAND,57,Apartment / Duplex,1 bed,New,48026.000000000000000,63992.000000000000000,56636.000000000000000,57k,14025.183842866346822,12889332.855498872697353
2022,Abu Dhabi City,41,AL REEM ISLAND,57,Apartment / Duplex,1 bed,Renewal,51000.000000000000000,65800.000000000000000,59395.000000000000000,59k,14025.183842866346822,12889332.855498872697353
2022,Abu Dhabi City,41,AL REEM ISLAND,57,Apartment / Duplex,2 beds,All types,73000.000000000000000,100000.000000000000000,89918.000000000000000,90k,14025.183842866346822,12889332.855498872697353
2022,Abu Dhabi City,41,AL REEM ISLAND,57,Apartment / Duplex,2 beds,New,71750.000000000000000,98000.000000000000000,88404.000000000000000,88k,14025.183842866346822,12889332.855498872697353
2022,Abu Dhabi City,41,AL REEM ISLAND,57,Apartment / Duplex,2 beds,Renewal,75000.000000000000000,101572.000000000000000,90640.000000000000000,91k,14025.183842866346822,12889332.855498872697353
2022,Abu Dhabi City,41,AL REEM ISLAND,57,Apartment / Duplex,3 beds,All types,105000.000000000000000,147000.000000000000000,127849.000000000000000,128k,14025.183842866346822,12889332.855498872697353
2022,Abu Dhabi City,41,AL REEM ISLAND,57,Apartment / Duplex,3 beds,New,100170.000000000000000,140000.000000000000000,125399.000000000000000,125k,14025.183842866346822,12889332.855498872697353
2022,Abu Dhabi City,41,AL REEM ISLAND,57,Apartment / Duplex,3 beds,Renewal,105000.000000000000000,149590.000000000000000,128907.000000000000000,129k,14025.183842866346822,12889332.855498872697353
2022,Abu Dhabi City,41,AL REEM ISLAND,57,Apartment / Duplex,4 beds,All types,105001.000000000000000,160000.000000000000000,135015.000000000000000,135k,14025.183842866346822,12889332.855498872697353
2022,Abu Dhabi City,41,AL REEM ISLAND,57,Apartment / Duplex,4 beds,New,105000.000000000000000,158400.000000000000000,135919.000000000000000,136k,14025.183842866346822,12889332.855498872697353
2022,Abu Dhabi City,41,AL REEM ISLAND,57,Apartment / Duplex,4 beds,Renewal,105840.000000000000000,160000.000000000000000,134745.000000000000000,135k,14025.183842866346822,12889332.855498872697353
2022,Abu Dhabi City,41,AL REEM ISLAND,57,Apartment / Duplex,5 beds,All types,160000.000000000000000,185102.000000000000000,173861.000000000000000,174k,14025.183842866346822,12889332.855498872697353
2022,Abu Dhabi City,41,AL REEM ISLAND,57,Apartment / Duplex,5 beds,New,167000.000000000000000,189600.000000000000000,183583.000000000000000,184k,14025.183842866346822,12889332.855498872697353
2022,Abu Dhabi City,41,AL REEM ISLAND,57,Apartment / Duplex,5 beds,Renewal,160000.000000000000000,185000.000000000000000,172006.000000000000000,172k,14025.183842866346822,12889332.855498872697353
2022,Abu Dhabi City,41,AL REEM ISLAND,57,Apartment / Duplex,All beds,All types,89250.166666000004625,117317.000000000000000,105030.500000000000000,105k,14025.183842866346822,12889332.855498872697353
2022,Abu Dhabi City,41,AL REEM ISLAND,57,Apartment / Duplex,All beds,New,89074.333333000002312,115998.666666000004625,105760.666666000004625,106k,14025.183842866346822,12889332.855498872697353
2022,Abu Dhabi City,41,AL REEM ISLAND,57,Apartment / Duplex,All beds,Renewal,89882.333333000002312,118177.000000000000000,105123.833333000002312,105k,14025.183842866346822,12889332.855498872697353
2022,Abu Dhabi City,41,AL REEM ISLAND,57,Apartment / Duplex,Studio,All types,42500.000000000000000,46800.000000000000000,45175.000000000000000,45k,14025.183842866346822,12889332.855498872697353
2022,Abu Dhabi City,41,AL REEM ISLAND,57,Apartment / Duplex,Studio,New,42500.000000000000000,46000.000000000000000,44623.000000000000000,45k,14025.183842866346822,12889332.855498872697353
2022,Abu Dhabi City,41,AL REEM ISLAND,57,Apartment / Duplex,Studio,Renewal,42454.000000000000000,47100.000000000000000,45050.000000000000000,45k,14025.183842866346822,12889332.855498872697353
2022,Abu Dhabi City,41,AL REEM ISLAND,57,Villa / Townhouse,3 beds,All types,160000.000000000000000,218546.000000000000000,183418.000000000000000,183k,14025.183842866346822,12889332.855498872697353
2022,Abu Dhabi City,41,AL REEM ISLAND,57,Villa / Townhouse,3 beds,Renewal,160000.000000000000000,216000.000000000000000,180417.000000000000000,180k,14025.183842866346822,12889332.855498872697353
2022,Abu Dhabi City,41,AL REEM ISLAND,57,Villa / Townhouse,4 beds,All types,225000.000000000000000,240000.000000000000000,230736.000000000000000,231k,14025.183842866346822,12889332.855498872697353
2022,Abu Dhabi City,41,AL REEM ISLAND,57,Villa / Townhouse,4 beds,Renewal,225000.000000000000000,233400.000000000000000,228800.000000000000000,229k,14025.183842866346822,12889332.855498872697353
2022,Abu Dhabi City,41,AL REEM ISLAND,57,Villa / Townhouse,All beds,All types,192500.000000000000000,229273.000000000000000,207077.000000000000000,207k,14025.183842866346822,12889332.855498872697353
2022,Abu Dhabi City,41,AL REEM ISLAND,57,Villa / Townhouse,All beds,Renewal,192500.000000000000000,224700.000000000000000,204608.500000000000000,205k,14025.183842866346822,12889332.855498872697353
2023,Abu Dhabi City,41,AL REEM ISLAND,57,All property types,1 bed,All types,50000.000000000000000,64471.000000000000000,58252.000000000000000,58k,14025.183842866346822,12889332.855498872697353
2023,Abu Dhabi City,41,AL REEM ISLAND,57,All property types,1 bed,New,49863.000000000000000,64471.000000000000000,58204.000000000000000,58k,14025.183842866346822,12889332.855498872697353
2023,Abu Dhabi City,41,AL REEM ISLAND,57,All property types,1 bed,Renewal,50694.000000000000000,64706.000000000000000,58315.000000000000000,58k,14025.183842866346822,12889332.855498872697353
2023,Abu Dhabi City,41,AL REEM ISLAND,57,All property types,2 beds,All types,71803.000000000000000,99727.000000000000000,88472.000000000000000,88k,14025.183842866346822,12889332.855498872697353
2023,Abu Dhabi City,41,AL REEM ISLAND,57,All property types,2 beds,New,69809.000000000000000,99727.000000000000000,88323.000000000000000,88k,14025.183842866346822,12889332.855498872697353
2023,Abu Dhabi City,41,AL REEM ISLAND,57,All property types,2 beds,Renewal,73299.000000000000000,99727.000000000000000,88611.000000000000000,89k,14025.183842866346822,12889332.855498872697353
2023,Abu Dhabi City,41,AL REEM ISLAND,57,All property types,3 beds,All types,104258.000000000000000,149590.000000000000000,127857.000000000000000,128k,14025.183842866346822,12889332.855498872697353
2023,Abu Dhabi City,41,AL REEM ISLAND,57,All property types,3 beds,New,102349.000000000000000,149590.000000000000000,128321.000000000000000,128k,14025.183842866346822,12889332.855498872697353
2023,Abu Dhabi City,41,AL REEM ISLAND,57,All property types,3 beds,Renewal,104713.000000000000000,149590.000000000000000,127157.000000000000000,127k,14025.183842866346822,12889332.855498872697353
2023,Abu Dhabi City,41,AL REEM ISLAND,57,All property types,4 beds,All types,107331.000000000000000,149590.000000000000000,132056.000000000000000,132k,14025.183842866346822,12889332.855498872697353
2023,Abu Dhabi City,41,AL REEM ISLAND,57,All property types,4 beds,New,99816.000000000000000,143288.000000000000000,123559.000000000000000,124k,14025.183842866346822,12889332.855498872697353
2023,Abu Dhabi City,41,AL REEM ISLAND,57,All property types,4 beds,Renewal,109699.000000000000000,151834.000000000000000,136354.000000000000000,136k,14025.183842866346822,12889332.855498872697353
2023,Abu Dhabi City,41,AL REEM ISLAND,57,All property types,5 beds,All types,159762.000000000000000,189386.000000000000000,179928.000000000000000,180k,14025.183842866346822,12889332.855498872697353
2023,Abu Dhabi City,41,AL REEM ISLAND,57,All property types,5 beds,New,170000.000000000000000,239344.000000000000000,197683.000000000000000,198k,14025.183842866346822,12889332.855498872697353
2023,Abu Dhabi City,41,AL REEM ISLAND,57,All property types,5 beds,Renewal,159563.000000000000000,185093.000000000000000,173886.000000000000000,174k,14025.183842866346822,12889332.855498872697353
2023,Abu Dhabi City,41,AL REEM ISLAND,57,All property types,All beds,All types,89339.500000000000000,116439.666666000004625,105195.333333000002312,105k,14025.183842866346822,12889332.855498872697353
2023,Abu Dhabi City,41,AL REEM ISLAND,57,All property types,All beds,New,89120.000000000000000,123549.500000000000000,106748.500000000000000,107k,14025.183842866346822,12889332.855498872697353
2023,Abu Dhabi City,41,AL REEM ISLAND,57,All property types,All beds,Renewal,90432.000000000000000,116366.666666000004625,104972.333333000002312,105k,14025.183842866346822,12889332.855498872697353
2023,Abu Dhabi City,41,AL REEM ISLAND,57,All property types,Studio,All types,42883.000000000000000,45874.000000000000000,44607.000000000000000,45k,14025.183842866346822,12889332.855498872697353
2023,Abu Dhabi City,41,AL REEM ISLAND,57,All property types,Studio,New,42883.000000000000000,44877.000000000000000,44401.000000000000000,44k,14025.183842866346822,12889332.855498872697353
2023,Abu Dhabi City,41,AL REEM ISLAND,57,All property types,Studio,Renewal,44624.000000000000000,47250.000000000000000,45511.000000000000000,46k,14025.183842866346822,12889332.855498872697353
2023,Abu Dhabi City,41,AL REEM ISLAND,57,Apartment / Duplex,1 bed,All types,50000.000000000000000,64471.000000000000000,58252.000000000000000,58k,14025.183842866346822,12889332.855498872697353
2023,Abu Dhabi City,41,AL REEM ISLAND,57,Apartment / Duplex,1 bed,New,49863.000000000000000,64471.000000000000000,58204.000000000000000,58k,14025.183842866346822,12889332.855498872697353
2023,Abu Dhabi City,41,AL REEM ISLAND,57,Apartment / Duplex,1 bed,Renewal,50694.000000000000000,64706.000000000000000,58315.000000000000000,58k,14025.183842866346822,12889332.855498872697353
2023,Abu Dhabi City,41,AL REEM ISLAND,57,Apartment / Duplex,2 beds,All types,71803.000000000000000,99727.000000000000000,88472.000000000000000,88k,14025.183842866346822,12889332.855498872697353
2023,Abu Dhabi City,41,AL REEM ISLAND,57,Apartment / Duplex,2 beds,New,69809.000000000000000,99727.000000000000000,88323.000000000000000,88k,14025.183842866346822,12889332.855498872697353
2023,Abu Dhabi City,41,AL REEM ISLAND,57,Apartment / Duplex,2 beds,Renewal,73299.000000000000000,99727.000000000000000,88611.000000000000000,89k,14025.183842866346822,12889332.855498872697353
2023,Abu Dhabi City,41,AL REEM ISLAND,57,Apartment / Duplex,3 beds,All types,104258.000000000000000,149590.000000000000000,127857.000000000000000,128k,14025.183842866346822,12889332.855498872697353
2023,Abu Dhabi City,41,AL REEM ISLAND,57,Apartment / Duplex,3 beds,New,102349.000000000000000,149590.000000000000000,128321.000000000000000,128k,14025.183842866346822,12889332.855498872697353
2023,Abu Dhabi City,41,AL REEM ISLAND,57,Apartment / Duplex,3 beds,Renewal,104713.000000000000000,149590.000000000000000,127157.000000000000000,127k,14025.183842866346822,12889332.855498872697353
2023,Abu Dhabi City,41,AL REEM ISLAND,57,Apartment / Duplex,4 beds,All types,107331.000000000000000,149590.000000000000000,132056.000000000000000,132k,14025.183842866346822,12889332.855498872697353
2023,Abu Dhabi City,41,AL REEM ISLAND,57,Apartment / Duplex,4 beds,New,99816.000000000000000,143288.000000000000000,123559.000000000000000,124k,14025.183842866346822,12889332.855498872697353
2023,Abu Dhabi City,41,AL REEM ISLAND,57,Apartment / Duplex,4 beds,Renewal,109699.000000000000000,151834.000000000000000,136354.000000000000000,136k,14025.183842866346822,12889332.855498872697353
2023,Abu Dhabi City,41,AL REEM ISLAND,57,Apartment / Duplex,5 beds,All types,159762.000000000000000,189386.000000000000000,179928.000000000000000,180k,14025.183842866346822,12889332.855498872697353
2023,Abu Dhabi City,41,AL REEM ISLAND,57,Apartment / Duplex,5 beds,New,170000.000000000000000,239344.000000000000000,197683.000000000000000,198k,14025.183842866346822,12889332.855498872697353
2023,Abu Dhabi City,41,AL REEM ISLAND,57,Apartment / Duplex,5 beds,Renewal,159563.000000000000000,185093.000000000000000,173886.000000000000000,174k,14025.183842866346822,12889332.855498872697353
2023,Abu Dhabi City,41,AL REEM ISLAND,57,Apartment / Duplex,All beds,All types,89339.500000000000000,116439.666666000004625,105195.333333000002312,105k,14025.183842866346822,12889332.855498872697353
2023,Abu Dhabi City,41,AL REEM ISLAND,57,Apartment / Duplex,All beds,New,89120.000000000000000,123549.500000000000000,106748.500000000000000,107k,14025.183842866346822,12889332.855498872697353
2023,Abu Dhabi City,41,AL REEM ISLAND,57,Apartment / Duplex,All beds,Renewal,90432.000000000000000,116366.666666000004625,104972.333333000002312,105k,14025.183842866346822,12889332.855498872697353
2023,Abu Dhabi City,41,AL REEM ISLAND,57,Apartment / Duplex,Studio,All types,42883.000000000000000,45874.000000000000000,44607.000000000000000,45k,14025.183842866346822,12889332.855498872697353
2023,Abu Dhabi City,41,AL REEM ISLAND,57,Apartment / Duplex,Studio,New,42883.000000000000000,44877.000000000000000,44401.000000000000000,44k,14025.183842866346822,12889332.855498872697353
2023,Abu Dhabi City,41,AL REEM ISLAND,57,Apartment / Duplex,Studio,Renewal,44624.000000000000000,47250.000000000000000,45511.000000000000000,46k,14025.183842866346822,12889332.855498872697353
2024,Abu Dhabi City,41,AL REEM ISLAND,57,All property types,1 bed,All types,54600.000000000000000,70000.000000000000000,63211.000000000000000,63k,14025.183842866346822,12889332.855498872697353
2024,Abu Dhabi City,41,AL REEM ISLAND,57,All property types,1 bed,New,55725.000000000000000,75000.000000000000000,66764.000000000000000,67k,14025.183842866346822,12889332.855498872697353
2024,Abu Dhabi City,41,AL REEM ISLAND,57,All property types,1 bed,Renewal,53000.000000000000000,66150.000000000000000,60711.000000000000000,61k,14025.183842866346822,12889332.855498872697353
2024,Abu Dhabi City,41,AL REEM ISLAND,57,All property types,2 beds,All types,76988.000000000000000,105000.000000000000000,94916.000000000000000,95k,14025.183842866346822,12889332.855498872697353
2024,Abu Dhabi City,41,AL REEM ISLAND,57,All property types,2 beds,New,80000.000000000000000,115000.000000000000000,100316.000000000000000,100k,14025.183842866346822,12889332.855498872697353
2024,Abu Dhabi City,41,AL REEM ISLAND,57,All property types,2 beds,Renewal,75600.000000000000000,102528.000000000000000,91477.000000000000000,91k,14025.183842866346822,12889332.855498872697353
2024,Abu Dhabi City,41,AL REEM ISLAND,57,All property types,3 beds,All types,110250.000000000000000,157501.000000000000000,135119.000000000000000,135k,14025.183842866346822,12889332.855498872697353
2024,Abu Dhabi City,41,AL REEM ISLAND,57,All property types,3 beds,New,112000.000000000000000,169926.000000000000000,140049.000000000000000,140k,14025.183842866346822,12889332.855498872697353
2024,Abu Dhabi City,41,AL REEM ISLAND,57,All property types,3 beds,Renewal,110046.000000000000000,152250.000000000000000,131669.000000000000000,132k,14025.183842866346822,12889332.855498872697353
2024,Abu Dhabi City,41,AL REEM ISLAND,57,All property types,4 beds,All types,112016.000000000000000,154070.000000000000000,134466.000000000000000,134k,14025.183842866346822,12889332.855498872697353
2024,Abu Dhabi City,41,AL REEM ISLAND,57,All property types,4 beds,New,112000.000000000000000,168400.000000000000000,144040.000000000000000,144k,14025.183842866346822,12889332.855498872697353
2024,Abu Dhabi City,41,AL REEM ISLAND,57,All property types,4 beds,Renewal,113432.000000000000000,150000.000000000000000,131290.000000000000000,131k,14025.183842866346822,12889332.855498872697353
2024,Abu Dhabi City,41,AL REEM ISLAND,57,All property types,5 beds,All types,165000.000000000000000,194850.000000000000000,184355.000000000000000,184k,14025.183842866346822,12889332.855498872697353
2024,Abu Dhabi City,41,AL REEM ISLAND,57,All property types,5 beds,New,180000.000000000000000,239344.000000000000000,205894.000000000000000,206k,14025.183842866346822,12889332.855498872697353
2024,Abu Dhabi City,41,AL REEM ISLAND,57,All property types,5 beds,Renewal,165000.000000000000000,196600.000000000000000,184592.000000000000000,185k,14025.183842866346822,12889332.855498872697353
2024,Abu Dhabi City,41,AL REEM ISLAND,57,All property types,All beds,All types,94142.333333000002312,121903.500000000000000,110069.500000000000000,110k,14025.183842866346822,12889332.855498872697353
2024,Abu Dhabi City,41,AL REEM ISLAND,57,All property types,All beds,New,97620.833333000002312,136795.000000000000000,117745.166666000004625,118k,14025.183842866346822,12889332.855498872697353
2024,Abu Dhabi City,41,AL REEM ISLAND,57,All property types,All beds,Renewal,94054.666666000004625,119304.666666000004625,107817.833333000002312,108k,14025.183842866346822,12889332.855498872697353
2024,Abu Dhabi City,41,AL REEM ISLAND,57,All property types,Studio,All types,46000.000000000000000,50000.000000000000000,48350.000000000000000,48k,14025.183842866346822,12889332.855498872697353
2024,Abu Dhabi City,41,AL REEM ISLAND,57,All property types,Studio,New,46000.000000000000000,53100.000000000000000,49408.000000000000000,49k,14025.183842866346822,12889332.855498872697353
2024,Abu Dhabi City,41,AL REEM ISLAND,57,All property types,Studio,Renewal,47250.000000000000000,48300.000000000000000,47168.000000000000000,47k,14025.183842866346822,12889332.855498872697353
2024,Abu Dhabi City,41,AL REEM ISLAND,57,Apartment / Duplex,1 bed,All types,54600.000000000000000,70000.000000000000000,63211.000000000000000,63k,14025.183842866346822,12889332.855498872697353
2024,Abu Dhabi City,41,AL REEM ISLAND,57,Apartment / Duplex,1 bed,New,55725.000000000000000,75000.000000000000000,66764.000000000000000,67k,14025.183842866346822,12889332.855498872697353
2024,Abu Dhabi City,41,AL REEM ISLAND,57,Apartment / Duplex,1 bed,Renewal,53000.000000000000000,66150.000000000000000,60711.000000000000000,61k,14025.183842866346822,12889332.855498872697353
2024,Abu Dhabi City,41,AL REEM ISLAND,57,Apartment / Duplex,2 beds,All types,76988.000000000000000,105000.000000000000000,94916.000000000000000,95k,14025.183842866346822,12889332.855498872697353
2024,Abu Dhabi City,41,AL REEM ISLAND,57,Apartment / Duplex,2 beds,New,80000.000000000000000,115000.000000000000000,100316.000000000000000,100k,14025.183842866346822,12889332.855498872697353
2024,Abu Dhabi City,41,AL REEM ISLAND,57,Apartment / Duplex,2 beds,Renewal,75600.000000000000000,102528.000000000000000,91477.000000000000000,91k,14025.183842866346822,12889332.855498872697353
2024,Abu Dhabi City,41,AL REEM ISLAND,57,Apartment / Duplex,3 beds,All types,110250.000000000000000,157501.000000000000000,135119.000000000000000,135k,14025.183842866346822,12889332.855498872697353
2024,Abu Dhabi City,41,AL REEM ISLAND,57,Apartment / Duplex,3 beds,New,112000.000000000000000,169926.000000000000000,140049.000000000000000,140k,14025.183842866346822,12889332.855498872697353
2024,Abu Dhabi City,41,AL REEM ISLAND,57,Apartment / Duplex,3 beds,Renewal,110046.000000000000000,152250.000000000000000,131669.000000000000000,132k,14025.183842866346822,12889332.855498872697353
2024,Abu Dhabi City,41,AL REEM ISLAND,57,Apartment / Duplex,4 beds,All types,112016.000000000000000,154070.000000000000000,134466.000000000000000,134k,14025.183842866346822,12889332.855498872697353
2024,Abu Dhabi City,41,AL REEM ISLAND,57,Apartment / Duplex,4 beds,New,112000.000000000000000,168400.000000000000000,144040.000000000000000,144k,14025.183842866346822,12889332.855498872697353
2024,Abu Dhabi City,41,AL REEM ISLAND,57,Apartment / Duplex,4 beds,Renewal,113432.000000000000000,150000.000000000000000,131290.000000000000000,131k,14025.183842866346822,12889332.855498872697353
2024,Abu Dhabi City,41,AL REEM ISLAND,57,Apartment / Duplex,5 beds,All types,165000.000000000000000,194850.000000000000000,184355.000000000000000,184k,14025.183842866346822,12889332.855498872697353
2024,Abu Dhabi City,41,AL REEM ISLAND,57,Apartment / Duplex,5 beds,New,180000.000000000000000,239344.000000000000000,205894.000000000000000,206k,14025.183842866346822,12889332.855498872697353
2024,Abu Dhabi City,41,AL REEM ISLAND,57,Apartment / Duplex,5 beds,Renewal,165000.000000000000000,196600.000000000000000,184592.000000000000000,185k,14025.183842866346822,12889332.855498872697353
2024,Abu Dhabi City,41,AL REEM ISLAND,57,Apartment / Duplex,All beds,All types,94142.333333000002312,121903.500000000000000,110069.500000000000000,110k,14025.183842866346822,12889332.855498872697353
2024,Abu Dhabi City,41,AL REEM ISLAND,57,Apartment / Duplex,All beds,New,97620.833333000002312,136795.000000000000000,117745.166666000004625,118k,14025.183842866346822,12889332.855498872697353
2024,Abu Dhabi City,41,AL REEM ISLAND,57,Apartment / Duplex,All beds,Renewal,94054.666666000004625,119304.666666000004625,107817.833333000002312,108k,14025.183842866346822,12889332.855498872697353
2024,Abu Dhabi City,41,AL REEM ISLAND,57,Apartment / Duplex,Studio,All types,46000.000000000000000,50000.000000000000000,48350.000000000000000,48k,14025.183842866346822,12889332.855498872697353
2024,Abu Dhabi City,41,AL REEM ISLAND,57,Apartment / Duplex,Studio,New,46000.000000000000000,53100.000000000000000,49408.000000000000000,49k,14025.183842866346822,12889332.855498872697353
2024,Abu Dhabi City,41,AL REEM ISLAND,57,Apartment / Duplex,Studio,Renewal,47250.000000000000000,48300.000000000000000,47168.000000000000000,47k,14025.183842866346822,12889332.855498872697353
2025,Abu Dhabi City,41,AL REEM ISLAND,57,All property types,1 bed,All types,56971.000000000000000,78000.000000000000000,67976.000000000000000,68k,14025.183842866346822,12889332.855498872697353
2025,Abu Dhabi City,41,AL REEM ISLAND,57,All property types,1 bed,New,60000.000000000000000,85000.000000000000000,73613.000000000000000,74k,14025.183842866346822,12889332.855498872697353
2025,Abu Dhabi City,41,AL REEM ISLAND,57,All property types,1 bed,Renewal,55000.000000000000000,69300.000000000000000,62933.000000000000000,63k,14025.183842866346822,12889332.855498872697353
2025,Abu Dhabi City,41,AL REEM ISLAND,57,All property types,2 beds,All types,80325.000000000000000,113684.000000000000000,99351.000000000000000,99k,14025.183842866346822,12889332.855498872697353
2025,Abu Dhabi City,41,AL REEM ISLAND,57,All property types,2 beds,New,85000.000000000000000,121128.000000000000000,106603.000000000000000,107k,14025.183842866346822,12889332.855498872697353
2025,Abu Dhabi City,41,AL REEM ISLAND,57,All property types,2 beds,Renewal,78749.000000000000000,107330.000000000000000,95311.000000000000000,95k,14025.183842866346822,12889332.855498872697353
2025,Abu Dhabi City,41,AL REEM ISLAND,57,All property types,3 beds,All types,115500.000000000000000,159945.000000000000000,139429.000000000000000,139k,14025.183842866346822,12889332.855498872697353
2025,Abu Dhabi City,41,AL REEM ISLAND,57,All property types,3 beds,New,115003.000000000000000,176599.000000000000000,148405.000000000000000,148k,14025.183842866346822,12889332.855498872697353
2025,Abu Dhabi City,41,AL REEM ISLAND,57,All property types,3 beds,Renewal,115500.000000000000000,150000.000000000000000,134999.000000000000000,135k,14025.183842866346822,12889332.855498872697353
2025,Abu Dhabi City,41,AL REEM ISLAND,57,All property types,4 beds,All types,115100.000000000000000,164809.000000000000000,140217.000000000000000,140k,14025.183842866346822,12889332.855498872697353
2025,Abu Dhabi City,41,AL REEM ISLAND,57,All property types,4 beds,New,122000.000000000000000,184918.000000000000000,159409.000000000000000,159k,14025.183842866346822,12889332.855498872697353
2025,Abu Dhabi City,41,AL REEM ISLAND,57,All property types,4 beds,Renewal,112140.000000000000000,151800.000000000000000,131649.000000000000000,132k,14025.183842866346822,12889332.855498872697353
2025,Abu Dhabi City,41,AL REEM ISLAND,57,All property types,5 beds,All types,168000.000000000000000,209475.000000000000000,187254.000000000000000,187k,14025.183842866346822,12889332.855498872697353
2025,Abu Dhabi City,41,AL REEM ISLAND,57,All property types,5 beds,Renewal,168000.000000000000000,205485.000000000000000,185130.000000000000000,185k,14025.183842866346822,12889332.855498872697353
2025,Abu Dhabi City,41,AL REEM ISLAND,57,All property types,All beds,All types,97157.666666000004625,129718.833333000002312,114109.833333000002312,114k,14025.183842866346822,12889332.855498872697353
2025,Abu Dhabi City,41,AL REEM ISLAND,57,All property types,All beds,New,85800.600000000005821,125729.800000000002910,108418.199999999997090,108k,14025.183842866346822,12889332.855498872697353
2025,Abu Dhabi City,41,AL REEM ISLAND,57,All property types,All beds,Renewal,96106.500000000000000,122385.833333000002312,109787.500000000000000,110k,14025.183842866346822,12889332.855498872697353
2025,Abu Dhabi City,41,AL REEM ISLAND,57,All property types,Studio,All types,47050.000000000000000,52400.000000000000000,50432.000000000000000,50k,14025.183842866346822,12889332.855498872697353
2025,Abu Dhabi City,41,AL REEM ISLAND,57,All property types,Studio,New,47000.000000000000000,61004.000000000000000,54061.000000000000000,54k,14025.183842866346822,12889332.855498872697353
2025,Abu Dhabi City,41,AL REEM ISLAND,57,All property types,Studio,Renewal,47250.000000000000000,50400.000000000000000,48703.000000000000000,49k,14025.183842866346822,12889332.855498872697353
2025,Abu Dhabi City,41,AL REEM ISLAND,57,Apartment / Duplex,1 bed,All types,56971.000000000000000,78000.000000000000000,67976.000000000000000,68k,14025.183842866346822,12889332.855498872697353
2025,Abu Dhabi City,41,AL REEM ISLAND,57,Apartment / Duplex,1 bed,New,60000.000000000000000,85000.000000000000000,73613.000000000000000,74k,14025.183842866346822,12889332.855498872697353
2025,Abu Dhabi City,41,AL REEM ISLAND,57,Apartment / Duplex,1 bed,Renewal,55000.000000000000000,69300.000000000000000,62933.000000000000000,63k,14025.183842866346822,12889332.855498872697353
2025,Abu Dhabi City,41,AL REEM ISLAND,57,Apartment / Duplex,2 beds,All types,80325.000000000000000,113684.000000000000000,99351.000000000000000,99k,14025.183842866346822,12889332.855498872697353
2025,Abu Dhabi City,41,AL REEM ISLAND,57,Apartment / Duplex,2 beds,New,85000.000000000000000,121128.000000000000000,106603.000000000000000,107k,14025.183842866346822,12889332.855498872697353
2025,Abu Dhabi City,41,AL REEM ISLAND,57,Apartment / Duplex,2 beds,Renewal,78749.000000000000000,107330.000000000000000,95311.000000000000000,95k,14025.183842866346822,12889332.855498872697353
2025,Abu Dhabi City,41,AL REEM ISLAND,57,Apartment / Duplex,3 beds,All types,115500.000000000000000,159945.000000000000000,139429.000000000000000,139k,14025.183842866346822,12889332.855498872697353
2025,Abu Dhabi City,41,AL REEM ISLAND,57,Apartment / Duplex,3 beds,New,115003.000000000000000,176599.000000000000000,148405.000000000000000,148k,14025.183842866346822,12889332.855498872697353
2025,Abu Dhabi City,41,AL REEM ISLAND,57,Apartment / Duplex,3 beds,Renewal,115500.000000000000000,150000.000000000000000,134999.000000000000000,135k,14025.183842866346822,12889332.855498872697353
2025,Abu Dhabi City,41,AL REEM ISLAND,57,Apartment / Duplex,4 beds,All types,115100.000000000000000,164809.000000000000000,140217.000000000000000,140k,14025.183842866346822,12889332.855498872697353
2025,Abu Dhabi City,41,AL REEM ISLAND,57,Apartment / Duplex,4 beds,New,122000.000000000000000,184918.000000000000000,159409.000000000000000,159k,14025.183842866346822,12889332.855498872697353
2025,Abu Dhabi City,41,AL REEM ISLAND,57,Apartment / Duplex,4 beds,Renewal,112140.000000000000000,151800.000000000000000,131649.000000000000000,132k,14025.183842866346822,12889332.855498872697353
2025,Abu Dhabi City,41,AL REEM ISLAND,57,Apartment / Duplex,5 beds,All types,168000.000000000000000,209475.000000000000000,187254.000000000000000,187k,14025.183842866346822,12889332.855498872697353
2025,Abu Dhabi City,41,AL REEM ISLAND,57,Apartment / Duplex,5 beds,Renewal,168000.000000000000000,205485.000000000000000,185130.000000000000000,185k,14025.183842866346822,12889332.855498872697353
2025,Abu Dhabi City,41,AL REEM ISLAND,57,Apartment / Duplex,All beds,All types,97157.666666000004625,129718.833333000002312,114109.833333000002312,114k,14025.183842866346822,12889332.855498872697353
2025,Abu Dhabi City,41,AL REEM ISLAND,57,Apartment / Duplex,All beds,New,85800.600000000005821,125729.800000000002910,108418.199999999997090,108k,14025.183842866346822,12889332.855498872697353
2025,Abu Dhabi City,41,AL REEM ISLAND,57,Apartment / Duplex,All beds,Renewal,96106.500000000000000,122385.833333000002312,109787.500000000000000,110k,14025.183842866346822,12889332.855498872697353
2025,Abu Dhabi City,41,AL REEM ISLAND,57,Apartment / Duplex,Studio,All types,47050.000000000000000,52400.000000000000000,50432.000000000000000,50k,14025.183842866346822,12889332.855498872697353
2025,Abu Dhabi City,41,AL REEM ISLAND,57,Apartment / Duplex,Studio,New,47000.000000000000000,61004.000000000000000,54061.000000000000000,54k,14025.183842866346822,12889332.855498872697353
2025,Abu Dhabi City,41,AL REEM ISLAND,57,Apartment / Duplex,Studio,Renewal,47250.000000000000000,50400.000000000000000,48703.000000000000000,49k,14025.183842866346822,12889332.855498872697353
2022,Abu Dhabi City,41,YAS ISLAND,1330,All property types,1 bed,All types,46017.000000000000000,68000.000000000000000,56767.000000000000000,57k,23604.657354876042518,28738344.954181831330061
2022,Abu Dhabi City,41,YAS ISLAND,1330,All property types,1 bed,New,45000.000000000000000,60000.000000000000000,54708.000000000000000,55k,23604.657354876042518,28738344.954181831330061
2022,Abu Dhabi City,41,YAS ISLAND,1330,All property types,1 bed,Renewal,50000.000000000000000,80176.000000000000000,64101.000000000000000,64k,23604.657354876042518,28738344.954181831330061
2022,Abu Dhabi City,41,YAS ISLAND,1330,All property types,2 beds,All types,120000.000000000000000,163020.500000000000000,139420.500000000000000,139k,23604.657354876042518,28738344.954181831330061
2022,Abu Dhabi City,41,YAS ISLAND,1330,All property types,2 beds,New,119230.500000000000000,152500.000000000000000,134036.500000000000000,134k,23604.657354876042518,28738344.954181831330061
2022,Abu Dhabi City,41,YAS ISLAND,1330,All property types,2 beds,Renewal,119500.000000000000000,160300.000000000000000,140047.500000000000000,140k,23604.657354876042518,28738344.954181831330061
2022,Abu Dhabi City,41,YAS ISLAND,1330,All property types,3 beds,All types,152350.000000000000000,200000.000000000000000,174055.000000000000000,174k,23604.657354876042518,28738344.954181831330061
2022,Abu Dhabi City,41,YAS ISLAND,1330,All property types,3 beds,New,158638.000000000000000,180400.000000000000000,172849.500000000000000,173k,23604.657354876042518,28738344.954181831330061
2022,Abu Dhabi City,41,YAS ISLAND,1330,All property types,3 beds,Renewal,155475.500000000000000,203100.000000000000000,183521.500000000000000,184k,23604.657354876042518,28738344.954181831330061
2022,Abu Dhabi City,41,YAS ISLAND,1330,All property types,4 beds,All types,220000.000000000000000,270000.000000000000000,256353.000000000000000,256k,23604.657354876042518,28738344.954181831330061
2022,Abu Dhabi City,41,YAS ISLAND,1330,All property types,4 beds,New,250000.000000000000000,300000.000000000000000,295368.000000000000000,295k,23604.657354876042518,28738344.954181831330061
2022,Abu Dhabi City,41,YAS ISLAND,1330,All property types,4 beds,Renewal,210000.000000000000000,255186.000000000000000,239186.000000000000000,239k,23604.657354876042518,28738344.954181831330061
2022,Abu Dhabi City,41,YAS ISLAND,1330,All property types,5 beds,All types,210000.000000000000000,300000.000000000000000,253637.000000000000000,254k,23604.657354876042518,28738344.954181831330061
2022,Abu Dhabi City,41,YAS ISLAND,1330,All property types,All beds,All types,133442.750000000000000,183023.125000000000000,158136.250000000000000,158k,23604.657354876042518,28738344.954181831330061
2022,Abu Dhabi City,41,YAS ISLAND,1330,All property types,All beds,New,127962.428570999996737,156057.142856999998912,146849.571427999995649,147k,23604.657354876042518,28738344.954181831330061
2022,Abu Dhabi City,41,YAS ISLAND,1330,All property types,All beds,Renewal,122855.571427999995649,166737.428570999996737,147139.000000000000000,147k,23604.657354876042518,28738344.954181831330061
2022,Abu Dhabi City,41,YAS ISLAND,1330,All property types,Studio,All types,46825.000000000000000,100144.000000000000000,71382.000000000000000,71k,23604.657354876042518,28738344.954181831330061
2022,Abu Dhabi City,41,YAS ISLAND,1330,All property types,Studio,New,45000.000000000000000,66600.000000000000000,64099.000000000000000,64k,23604.657354876042518,28738344.954181831330061
2022,Abu Dhabi City,41,YAS ISLAND,1330,All property types,Studio,Renewal,50038.000000000000000,105000.000000000000000,79548.000000000000000,80k,23604.657354876042518,28738344.954181831330061
2022,Abu Dhabi City,41,YAS ISLAND,1330,Apartment / Duplex,1 bed,All types,46017.000000000000000,68000.000000000000000,56767.000000000000000,57k,23604.657354876042518,28738344.954181831330061
2022,Abu Dhabi City,41,YAS ISLAND,1330,Apartment / Duplex,1 bed,New,45000.000000000000000,60000.000000000000000,54708.000000000000000,55k,23604.657354876042518,28738344.954181831330061
2022,Abu Dhabi City,41,YAS ISLAND,1330,Apartment / Duplex,1 bed,Renewal,50000.000000000000000,80176.000000000000000,64101.000000000000000,64k,23604.657354876042518,28738344.954181831330061
2022,Abu Dhabi City,41,YAS ISLAND,1330,Apartment / Duplex,2 beds,All types,70000.000000000000000,131000.000000000000000,97921.000000000000000,98k,23604.657354876042518,28738344.954181831330061
2022,Abu Dhabi City,41,YAS ISLAND,1330,Apartment / Duplex,2 beds,New,70000.000000000000000,120000.000000000000000,92619.000000000000000,93k,23604.657354876042518,28738344.954181831330061
2022,Abu Dhabi City,41,YAS ISLAND,1330,Apartment / Duplex,2 beds,Renewal,80000.000000000000000,140000.000000000000000,111786.000000000000000,112k,23604.657354876042518,28738344.954181831330061
2022,Abu Dhabi City,41,YAS ISLAND,1330,Apartment / Duplex,3 beds,All types,105000.000000000000000,170000.000000000000000,133040.000000000000000,133k,23604.657354876042518,28738344.954181831330061
2022,Abu Dhabi City,41,YAS ISLAND,1330,Apartment / Duplex,3 beds,New,104886.000000000000000,130800.000000000000000,124818.000000000000000,125k,23604.657354876042518,28738344.954181831330061
2022,Abu Dhabi City,41,YAS ISLAND,1330,Apartment / Duplex,3 beds,Renewal,120533.000000000000000,180000.000000000000000,157451.000000000000000,157k,23604.657354876042518,28738344.954181831330061
2022,Abu Dhabi City,41,YAS ISLAND,1330,Apartment / Duplex,All beds,All types,66960.500000000000000,117286.000000000000000,89777.500000000000000,90k,23604.657354876042518,28738344.954181831330061
2022,Abu Dhabi City,41,YAS ISLAND,1330,Apartment / Duplex,All beds,New,66221.500000000000000,94350.000000000000000,84061.000000000000000,84k,23604.657354876042518,28738344.954181831330061
2022,Abu Dhabi City,41,YAS ISLAND,1330,Apartment / Duplex,All beds,Renewal,75142.750000000000000,126294.000000000000000,103221.500000000000000,103k,23604.657354876042518,28738344.954181831330061
2022,Abu Dhabi City,41,YAS ISLAND,1330,Apartment / Duplex,Studio,All types,46825.000000000000000,100144.000000000000000,71382.000000000000000,71k,23604.657354876042518,28738344.954181831330061
2022,Abu Dhabi City,41,YAS ISLAND,1330,Apartment / Duplex,Studio,New,45000.000000000000000,66600.000000000000000,64099.000000000000000,64k,23604.657354876042518,28738344.954181831330061
2022,Abu Dhabi City,41,YAS ISLAND,1330,Apartment / Duplex,Studio,Renewal,50038.000000000000000,105000.000000000000000,79548.000000000000000,80k,23604.657354876042518,28738344.954181831330061
2022,Abu Dhabi City,41,YAS ISLAND,1330,Villa / Townhouse,2 beds,All types,170000.000000000000000,195041.000000000000000,180920.000000000000000,181k,23604.657354876042518,28738344.954181831330061
2022,Abu Dhabi City,41,YAS ISLAND,1330,Villa / Townhouse,2 beds,New,168461.000000000000000,185000.000000000000000,175454.000000000000000,175k,23604.657354876042518,28738344.954181831330061
2022,Abu Dhabi City,41,YAS ISLAND,1330,Villa / Townhouse,2 beds,Renewal,159000.000000000000000,180600.000000000000000,168309.000000000000000,168k,23604.657354876042518,28738344.954181831330061
2022,Abu Dhabi City,41,YAS ISLAND,1330,Villa / Townhouse,3 beds,All types,199700.000000000000000,230000.000000000000000,215070.000000000000000,215k,23604.657354876042518,28738344.954181831330061
2022,Abu Dhabi City,41,YAS ISLAND,1330,Villa / Townhouse,3 beds,New,212390.000000000000000,230000.000000000000000,220881.000000000000000,221k,23604.657354876042518,28738344.954181831330061
2022,Abu Dhabi City,41,YAS ISLAND,1330,Villa / Townhouse,3 beds,Renewal,190418.000000000000000,226200.000000000000000,209592.000000000000000,210k,23604.657354876042518,28738344.954181831330061
2022,Abu Dhabi City,41,YAS ISLAND,1330,Villa / Townhouse,4 beds,All types,220000.000000000000000,270000.000000000000000,256353.000000000000000,256k,23604.657354876042518,28738344.954181831330061
2022,Abu Dhabi City,41,YAS ISLAND,1330,Villa / Townhouse,4 beds,New,250000.000000000000000,300000.000000000000000,295368.000000000000000,295k,23604.657354876042518,28738344.954181831330061
2022,Abu Dhabi City,41,YAS ISLAND,1330,Villa / Townhouse,4 beds,Renewal,210000.000000000000000,255186.000000000000000,239186.000000000000000,239k,23604.657354876042518,28738344.954181831330061
2022,Abu Dhabi City,41,YAS ISLAND,1330,Villa / Townhouse,5 beds,All types,210000.000000000000000,300000.000000000000000,253637.000000000000000,254k,23604.657354876042518,28738344.954181831330061
2022,Abu Dhabi City,41,YAS ISLAND,1330,Villa / Townhouse,All beds,All types,199925.000000000000000,248760.250000000000000,226495.000000000000000,226k,23604.657354876042518,28738344.954181831330061
2022,Abu Dhabi City,41,YAS ISLAND,1330,Villa / Townhouse,All beds,New,210283.666666000004625,238333.333332999987761,230567.666666000004625,231k,23604.657354876042518,28738344.954181831330061
2022,Abu Dhabi City,41,YAS ISLAND,1330,Villa / Townhouse,All beds,Renewal,186472.666666000004625,220662.000000000000000,205695.666666000004625,206k,23604.657354876042518,28738344.954181831330061
2023,Abu Dhabi City,41,YAS ISLAND,1330,All property types,1 bed,All types,49863.000000000000000,70583.000000000000000,61588.000000000000000,62k,23604.657354876042518,28738344.954181831330061
2023,Abu Dhabi City,41,YAS ISLAND,1330,All property types,1 bed,New,51559.000000000000000,67116.000000000000000,62957.000000000000000,63k,23604.657354876042518,28738344.954181831330061
2023,Abu Dhabi City,41,YAS ISLAND,1330,All property types,1 bed,Renewal,49215.000000000000000,74795.000000000000000,59991.000000000000000,60k,23604.657354876042518,28738344.954181831330061
2023,Abu Dhabi City,41,YAS ISLAND,1330,All property types,2 beds,All types,131242.000000000000000,164739.500000000000000,146890.000000000000000,147k,23604.657354876042518,28738344.954181831330061
2023,Abu Dhabi City,41,YAS ISLAND,1330,All property types,2 beds,New,130392.500000000000000,174522.000000000000000,149725.500000000000000,150k,23604.657354876042518,28738344.954181831330061
2023,Abu Dhabi City,41,YAS ISLAND,1330,All property types,2 beds,Renewal,123910.500000000000000,157168.500000000000000,140387.500000000000000,140k,23604.657354876042518,28738344.954181831330061
2023,Abu Dhabi City,41,YAS ISLAND,1330,All property types,3 beds,All types,159321.500000000000000,207930.500000000000000,180845.000000000000000,181k,23604.657354876042518,28738344.954181831330061
2023,Abu Dhabi City,41,YAS ISLAND,1330,All property types,3 beds,New,169037.000000000000000,201274.500000000000000,183687.500000000000000,184k,23604.657354876042518,28738344.954181831330061
2023,Abu Dhabi City,41,YAS ISLAND,1330,All property types,3 beds,Renewal,154834.000000000000000,208141.000000000000000,178195.500000000000000,178k,23604.657354876042518,28738344.954181831330061
2023,Abu Dhabi City,41,YAS ISLAND,1330,All property types,4 beds,All types,233360.000000000000000,326734.000000000000000,282790.000000000000000,283k,23604.657354876042518,28738344.954181831330061
2023,Abu Dhabi City,41,YAS ISLAND,1330,All property types,4 beds,New,255799.000000000000000,390929.000000000000000,303163.000000000000000,303k,23604.657354876042518,28738344.954181831330061
2023,Abu Dhabi City,41,YAS ISLAND,1330,All property types,4 beds,Renewal,227377.000000000000000,296936.000000000000000,267047.000000000000000,267k,23604.657354876042518,28738344.954181831330061
2023,Abu Dhabi City,41,YAS ISLAND,1330,All property types,5 beds,All types,209426.000000000000000,314139.000000000000000,281229.000000000000000,281k,23604.657354876042518,28738344.954181831330061
2023,Abu Dhabi City,41,YAS ISLAND,1330,All property types,5 beds,Renewal,186792.000000000000000,376967.000000000000000,279436.000000000000000,279k,23604.657354876042518,28738344.954181831330061
2023,Abu Dhabi City,41,YAS ISLAND,1330,All property types,All beds,All types,140454.875000000000000,192421.250000000000000,169081.375000000000000,169k,23604.657354876042518,28738344.954181831330061
2023,Abu Dhabi City,41,YAS ISLAND,1330,All property types,All beds,New,136582.857141999993473,182778.142856999998912,156714.285713999997824,157k,23604.657354876042518,28738344.954181831330061
2023,Abu Dhabi City,41,YAS ISLAND,1330,All property types,All beds,Renewal,134365.625000000000000,198003.750000000000000,165341.750000000000000,165k,23604.657354876042518,28738344.954181831330061
2023,Abu Dhabi City,41,YAS ISLAND,1330,All property types,Studio,All types,49863.000000000000000,82574.000000000000000,71574.000000000000000,72k,23604.657354876042518,28738344.954181831330061
2023,Abu Dhabi City,41,YAS ISLAND,1330,All property types,Studio,New,49863.000000000000000,69809.000000000000000,64054.000000000000000,64k,23604.657354876042518,28738344.954181831330061
2023,Abu Dhabi City,41,YAS ISLAND,1330,All property types,Studio,Renewal,54052.000000000000000,104713.000000000000000,79094.000000000000000,79k,23604.657354876042518,28738344.954181831330061
2023,Abu Dhabi City,41,YAS ISLAND,1330,Apartment / Duplex,1 bed,All types,49863.000000000000000,70583.000000000000000,61588.000000000000000,62k,23604.657354876042518,28738344.954181831330061
2023,Abu Dhabi City,41,YAS ISLAND,1330,Apartment / Duplex,1 bed,New,51559.000000000000000,67116.000000000000000,62957.000000000000000,63k,23604.657354876042518,28738344.954181831330061
2023,Abu Dhabi City,41,YAS ISLAND,1330,Apartment / Duplex,1 bed,Renewal,49215.000000000000000,74795.000000000000000,59991.000000000000000,60k,23604.657354876042518,28738344.954181831330061
2023,Abu Dhabi City,41,YAS ISLAND,1330,Apartment / Duplex,2 beds,All types,74795.000000000000000,130025.000000000000000,101965.000000000000000,102k,23604.657354876042518,28738344.954181831330061
2023,Abu Dhabi City,41,YAS ISLAND,1330,Apartment / Duplex,2 beds,New,79781.000000000000000,149590.000000000000000,108625.000000000000000,109k,23604.657354876042518,28738344.954181831330061
2023,Abu Dhabi City,41,YAS ISLAND,1330,Apartment / Duplex,2 beds,Renewal,73299.000000000000000,119870.000000000000000,95962.000000000000000,96k,23604.657354876042518,28738344.954181831330061
2023,Abu Dhabi City,41,YAS ISLAND,1330,Apartment / Duplex,3 beds,All types,110647.000000000000000,175320.000000000000000,137483.000000000000000,137k,23604.657354876042518,28738344.954181831330061
2023,Abu Dhabi City,41,YAS ISLAND,1330,Apartment / Duplex,3 beds,New,114686.000000000000000,153232.000000000000000,136948.000000000000000,137k,23604.657354876042518,28738344.954181831330061
2023,Abu Dhabi City,41,YAS ISLAND,1330,Apartment / Duplex,3 beds,Renewal,109699.000000000000000,178207.000000000000000,138067.000000000000000,138k,23604.657354876042518,28738344.954181831330061
2023,Abu Dhabi City,41,YAS ISLAND,1330,Apartment / Duplex,All beds,All types,71292.000000000000000,114625.500000000000000,93152.500000000000000,93k,23604.657354876042518,28738344.954181831330061
2023,Abu Dhabi City,41,YAS ISLAND,1330,Apartment / Duplex,All beds,New,73972.250000000000000,109936.750000000000000,93146.000000000000000,93k,23604.657354876042518,28738344.954181831330061
2023,Abu Dhabi City,41,YAS ISLAND,1330,Apartment / Duplex,All beds,Renewal,71566.250000000000000,119396.250000000000000,93278.500000000000000,93k,23604.657354876042518,28738344.954181831330061
2023,Abu Dhabi City,41,YAS ISLAND,1330,Apartment / Duplex,Studio,All types,49863.000000000000000,82574.000000000000000,71574.000000000000000,72k,23604.657354876042518,28738344.954181831330061
2023,Abu Dhabi City,41,YAS ISLAND,1330,Apartment / Duplex,Studio,New,49863.000000000000000,69809.000000000000000,64054.000000000000000,64k,23604.657354876042518,28738344.954181831330061
2023,Abu Dhabi City,41,YAS ISLAND,1330,Apartment / Duplex,Studio,Renewal,54052.000000000000000,104713.000000000000000,79094.000000000000000,79k,23604.657354876042518,28738344.954181831330061
2023,Abu Dhabi City,41,YAS ISLAND,1330,Villa / Townhouse,2 beds,All types,187689.000000000000000,199454.000000000000000,191815.000000000000000,192k,23604.657354876042518,28738344.954181831330061
2023,Abu Dhabi City,41,YAS ISLAND,1330,Villa / Townhouse,2 beds,New,181004.000000000000000,199454.000000000000000,190826.000000000000000,191k,23604.657354876042518,28738344.954181831330061
2023,Abu Dhabi City,41,YAS ISLAND,1330,Villa / Townhouse,2 beds,Renewal,174522.000000000000000,194467.000000000000000,184813.000000000000000,185k,23604.657354876042518,28738344.954181831330061
2023,Abu Dhabi City,41,YAS ISLAND,1330,Villa / Townhouse,3 beds,All types,207996.000000000000000,240541.000000000000000,224207.000000000000000,224k,23604.657354876042518,28738344.954181831330061
2023,Abu Dhabi City,41,YAS ISLAND,1330,Villa / Townhouse,3 beds,New,223388.000000000000000,249317.000000000000000,230427.000000000000000,230k,23604.657354876042518,28738344.954181831330061
2023,Abu Dhabi City,41,YAS ISLAND,1330,Villa / Townhouse,3 beds,Renewal,199969.000000000000000,238075.000000000000000,218324.000000000000000,218k,23604.657354876042518,28738344.954181831330061
2023,Abu Dhabi City,41,YAS ISLAND,1330,Villa / Townhouse,4 beds,All types,233360.000000000000000,326734.000000000000000,282790.000000000000000,283k,23604.657354876042518,28738344.954181831330061
2023,Abu Dhabi City,41,YAS ISLAND,1330,Villa / Townhouse,4 beds,New,255799.000000000000000,390929.000000000000000,303163.000000000000000,303k,23604.657354876042518,28738344.954181831330061
2023,Abu Dhabi City,41,YAS ISLAND,1330,Villa / Townhouse,4 beds,Renewal,227377.000000000000000,296936.000000000000000,267047.000000000000000,267k,23604.657354876042518,28738344.954181831330061
2023,Abu Dhabi City,41,YAS ISLAND,1330,Villa / Townhouse,5 beds,All types,209426.000000000000000,314139.000000000000000,281229.000000000000000,281k,23604.657354876042518,28738344.954181831330061
2023,Abu Dhabi City,41,YAS ISLAND,1330,Villa / Townhouse,5 beds,Renewal,186792.000000000000000,376967.000000000000000,279436.000000000000000,279k,23604.657354876042518,28738344.954181831330061
2023,Abu Dhabi City,41,YAS ISLAND,1330,Villa / Townhouse,All beds,All types,209617.750000000000000,270217.000000000000000,245010.250000000000000,245k,23604.657354876042518,28738344.954181831330061
2023,Abu Dhabi City,41,YAS ISLAND,1330,Villa / Townhouse,All beds,New,220063.666666000004625,279900.000000000000000,241472.000000000000000,241k,23604.657354876042518,28738344.954181831330061
2023,Abu Dhabi City,41,YAS ISLAND,1330,Villa / Townhouse,All beds,Renewal,197165.000000000000000,276611.250000000000000,237405.000000000000000,237k,23604.657354876042518,28738344.954181831330061
2024,Abu Dhabi City,41,YAS ISLAND,1330,All property types,1 bed,All types,55580.000000000000000,85000.000000000000000,70883.000000000000000,71k,23604.657354876042518,28738344.954181831330061
2024,Abu Dhabi City,41,YAS ISLAND,1330,All property types,1 bed,New,60000.000000000000000,86501.000000000000000,74691.000000000000000,75k,23604.657354876042518,28738344.954181831330061
2024,Abu Dhabi City,41,YAS ISLAND,1330,All property types,1 bed,Renewal,52833.000000000000000,74033.000000000000000,63996.000000000000000,64k,23604.657354876042518,28738344.954181831330061
2024,Abu Dhabi City,41,YAS ISLAND,1330,All property types,2 beds,All types,142071.500000000000000,170000.000000000000000,155161.500000000000000,155k,23604.657354876042518,28738344.954181831330061
2024,Abu Dhabi City,41,YAS ISLAND,1330,All property types,2 beds,New,138000.000000000000000,165110.000000000000000,153397.500000000000000,153k,23604.657354876042518,28738344.954181831330061
2024,Abu Dhabi City,41,YAS ISLAND,1330,All property types,2 beds,Renewal,131900.000000000000000,163398.500000000000000,149499.500000000000000,149k,23604.657354876042518,28738344.954181831330061
2024,Abu Dhabi City,41,YAS ISLAND,1330,All property types,3 beds,All types,168087.000000000000000,217900.000000000000000,189601.500000000000000,190k,23604.657354876042518,28738344.954181831330061
2024,Abu Dhabi City,41,YAS ISLAND,1330,All property types,3 beds,New,174821.500000000000000,222500.000000000000000,193663.000000000000000,194k,23604.657354876042518,28738344.954181831330061
2024,Abu Dhabi City,41,YAS ISLAND,1330,All property types,3 beds,Renewal,164950.000000000000000,214100.000000000000000,185669.000000000000000,186k,23604.657354876042518,28738344.954181831330061
2024,Abu Dhabi City,41,YAS ISLAND,1330,All property types,4 beds,All types,215000.000000000000000,350983.000000000000000,276435.000000000000000,276k,23604.657354876042518,28738344.954181831330061
2024,Abu Dhabi City,41,YAS ISLAND,1330,All property types,4 beds,New,214521.000000000000000,346000.000000000000000,265784.000000000000000,266k,23604.657354876042518,28738344.954181831330061
2024,Abu Dhabi City,41,YAS ISLAND,1330,All property types,4 beds,Renewal,240000.000000000000000,350084.000000000000000,293397.000000000000000,293k,23604.657354876042518,28738344.954181831330061
2024,Abu Dhabi City,41,YAS ISLAND,1330,All property types,5 beds,All types,165467.000000000000000,400000.000000000000000,305910.000000000000000,306k,23604.657354876042518,28738344.954181831330061
2024,Abu Dhabi City,41,YAS ISLAND,1330,All property types,5 beds,New,220000.000000000000000,561098.000000000000000,362308.000000000000000,362k,23604.657354876042518,28738344.954181831330061
2024,Abu Dhabi City,41,YAS ISLAND,1330,All property types,5 beds,Renewal,184495.000000000000000,314139.000000000000000,269518.000000000000000,270k,23604.657354876042518,28738344.954181831330061
2024,Abu Dhabi City,41,YAS ISLAND,1330,All property types,All beds,All types,139005.500000000000000,212472.875000000000000,177147.125000000000000,177k,23604.657354876042518,28738344.954181831330061
2024,Abu Dhabi City,41,YAS ISLAND,1330,All property types,All beds,New,147270.500000000000000,232347.375000000000000,184494.625000000000000,184k,23604.657354876042518,28738344.954181831330061
2024,Abu Dhabi City,41,YAS ISLAND,1330,All property types,All beds,Renewal,140753.500000000000000,195614.500000000000000,170746.625000000000000,171k,23604.657354876042518,28738344.954181831330061
2024,Abu Dhabi City,41,YAS ISLAND,1330,All property types,Studio,All types,55680.000000000000000,88000.000000000000000,74423.000000000000000,74k,23604.657354876042518,28738344.954181831330061
2024,Abu Dhabi City,41,YAS ISLAND,1330,All property types,Studio,New,58000.000000000000000,89960.000000000000000,79053.000000000000000,79k,23604.657354876042518,28738344.954181831330061
2024,Abu Dhabi City,41,YAS ISLAND,1330,All property types,Studio,Renewal,55000.000000000000000,71663.000000000000000,68725.000000000000000,69k,23604.657354876042518,28738344.954181831330061
2024,Abu Dhabi City,41,YAS ISLAND,1330,Apartment / Duplex,1 bed,All types,55580.000000000000000,85000.000000000000000,70883.000000000000000,71k,23604.657354876042518,28738344.954181831330061
2024,Abu Dhabi City,41,YAS ISLAND,1330,Apartment / Duplex,1 bed,New,60000.000000000000000,86501.000000000000000,74691.000000000000000,75k,23604.657354876042518,28738344.954181831330061
2024,Abu Dhabi City,41,YAS ISLAND,1330,Apartment / Duplex,1 bed,Renewal,52833.000000000000000,74033.000000000000000,63996.000000000000000,64k,23604.657354876042518,28738344.954181831330061
2024,Abu Dhabi City,41,YAS ISLAND,1330,Apartment / Duplex,2 beds,All types,84143.000000000000000,130000.000000000000000,108000.000000000000000,108k,23604.657354876042518,28738344.954181831330061
2024,Abu Dhabi City,41,YAS ISLAND,1330,Apartment / Duplex,2 beds,New,90000.000000000000000,130000.000000000000000,112645.000000000000000,113k,23604.657354876042518,28738344.954181831330061
2024,Abu Dhabi City,41,YAS ISLAND,1330,Apartment / Duplex,2 beds,Renewal,78600.000000000000000,121797.000000000000000,102504.000000000000000,103k,23604.657354876042518,28738344.954181831330061
2024,Abu Dhabi City,41,YAS ISLAND,1330,Apartment / Duplex,3 beds,All types,120000.000000000000000,180800.000000000000000,148270.000000000000000,148k,23604.657354876042518,28738344.954181831330061
2024,Abu Dhabi City,41,YAS ISLAND,1330,Apartment / Duplex,3 beds,New,123643.000000000000000,185000.000000000000000,150204.000000000000000,150k,23604.657354876042518,28738344.954181831330061
2024,Abu Dhabi City,41,YAS ISLAND,1330,Apartment / Duplex,3 beds,Renewal,120000.000000000000000,178200.000000000000000,145665.000000000000000,146k,23604.657354876042518,28738344.954181831330061
2024,Abu Dhabi City,41,YAS ISLAND,1330,Apartment / Duplex,All beds,All types,78850.750000000000000,120950.000000000000000,100394.000000000000000,100k,23604.657354876042518,28738344.954181831330061
2024,Abu Dhabi City,41,YAS ISLAND,1330,Apartment / Duplex,All beds,New,82910.750000000000000,122865.250000000000000,104148.250000000000000,104k,23604.657354876042518,28738344.954181831330061
2024,Abu Dhabi City,41,YAS ISLAND,1330,Apartment / Duplex,All beds,Renewal,76608.250000000000000,111423.250000000000000,95222.500000000000000,95k,23604.657354876042518,28738344.954181831330061
2024,Abu Dhabi City,41,YAS ISLAND,1330,Apartment / Duplex,Studio,All types,55680.000000000000000,88000.000000000000000,74423.000000000000000,74k,23604.657354876042518,28738344.954181831330061
2024,Abu Dhabi City,41,YAS ISLAND,1330,Apartment / Duplex,Studio,New,58000.000000000000000,89960.000000000000000,79053.000000000000000,79k,23604.657354876042518,28738344.954181831330061
2024,Abu Dhabi City,41,YAS ISLAND,1330,Apartment / Duplex,Studio,Renewal,55000.000000000000000,71663.000000000000000,68725.000000000000000,69k,23604.657354876042518,28738344.954181831330061
2024,Abu Dhabi City,41,YAS ISLAND,1330,Villa / Townhouse,2 beds,All types,200000.000000000000000,210000.000000000000000,202323.000000000000000,202k,23604.657354876042518,28738344.954181831330061
2024,Abu Dhabi City,41,YAS ISLAND,1330,Villa / Townhouse,2 beds,New,186000.000000000000000,200220.000000000000000,194150.000000000000000,194k,23604.657354876042518,28738344.954181831330061
2024,Abu Dhabi City,41,YAS ISLAND,1330,Villa / Townhouse,2 beds,Renewal,185200.000000000000000,205000.000000000000000,196495.000000000000000,196k,23604.657354876042518,28738344.954181831330061
2024,Abu Dhabi City,41,YAS ISLAND,1330,Villa / Townhouse,3 beds,All types,216174.000000000000000,255000.000000000000000,230933.000000000000000,231k,23604.657354876042518,28738344.954181831330061
2024,Abu Dhabi City,41,YAS ISLAND,1330,Villa / Townhouse,3 beds,New,226000.000000000000000,260000.000000000000000,237122.000000000000000,237k,23604.657354876042518,28738344.954181831330061
2024,Abu Dhabi City,41,YAS ISLAND,1330,Villa / Townhouse,3 beds,Renewal,209900.000000000000000,250000.000000000000000,225673.000000000000000,226k,23604.657354876042518,28738344.954181831330061
2024,Abu Dhabi City,41,YAS ISLAND,1330,Villa / Townhouse,4 beds,All types,215000.000000000000000,350983.000000000000000,276435.000000000000000,276k,23604.657354876042518,28738344.954181831330061
2024,Abu Dhabi City,41,YAS ISLAND,1330,Villa / Townhouse,4 beds,New,214521.000000000000000,346000.000000000000000,265784.000000000000000,266k,23604.657354876042518,28738344.954181831330061
2024,Abu Dhabi City,41,YAS ISLAND,1330,Villa / Townhouse,4 beds,Renewal,240000.000000000000000,350084.000000000000000,293397.000000000000000,293k,23604.657354876042518,28738344.954181831330061
2024,Abu Dhabi City,41,YAS ISLAND,1330,Villa / Townhouse,5 beds,All types,165467.000000000000000,400000.000000000000000,305910.000000000000000,306k,23604.657354876042518,28738344.954181831330061
2024,Abu Dhabi City,41,YAS ISLAND,1330,Villa / Townhouse,5 beds,New,220000.000000000000000,561098.000000000000000,362308.000000000000000,362k,23604.657354876042518,28738344.954181831330061
2024,Abu Dhabi City,41,YAS ISLAND,1330,Villa / Townhouse,5 beds,Renewal,184495.000000000000000,314139.000000000000000,269518.000000000000000,270k,23604.657354876042518,28738344.954181831330061
2024,Abu Dhabi City,41,YAS ISLAND,1330,Villa / Townhouse,All beds,All types,199160.250000000000000,303995.750000000000000,253900.250000000000000,254k,23604.657354876042518,28738344.954181831330061
2024,Abu Dhabi City,41,YAS ISLAND,1330,Villa / Townhouse,All beds,New,211630.250000000000000,341829.500000000000000,264841.000000000000000,265k,23604.657354876042518,28738344.954181831330061
2024,Abu Dhabi City,41,YAS ISLAND,1330,Villa / Townhouse,All beds,Renewal,204898.750000000000000,279805.750000000000000,246270.750000000000000,246k,23604.657354876042518,28738344.954181831330061
2025,Abu Dhabi City,41,YAS ISLAND,1330,All property types,1 bed,All types,63000.000000000000000,95000.000000000000000,80264.000000000000000,80k,23604.657354876042518,28738344.954181831330061
2025,Abu Dhabi City,41,YAS ISLAND,1330,All property types,1 bed,New,75000.000000000000000,95000.000000000000000,85171.000000000000000,85k,23604.657354876042518,28738344.954181831330061
2025,Abu Dhabi City,41,YAS ISLAND,1330,All property types,1 bed,Renewal,54974.000000000000000,89250.000000000000000,69842.000000000000000,70k,23604.657354876042518,28738344.954181831330061
2025,Abu Dhabi City,41,YAS ISLAND,1330,All property types,2 beds,All types,141763.500000000000000,180000.000000000000000,160078.500000000000000,160k,23604.657354876042518,28738344.954181831330061
2025,Abu Dhabi City,41,YAS ISLAND,1330,All property types,2 beds,New,155274.500000000000000,182500.000000000000000,170240.500000000000000,170k,23604.657354876042518,28738344.954181831330061
2025,Abu Dhabi City,41,YAS ISLAND,1330,All property types,2 beds,Renewal,131953.000000000000000,175454.500000000000000,152209.000000000000000,152k,23604.657354876042518,28738344.954181831330061
2025,Abu Dhabi City,41,YAS ISLAND,1330,All property types,3 beds,All types,169802.000000000000000,219233.000000000000000,198849.000000000000000,199k,23604.657354876042518,28738344.954181831330061
2025,Abu Dhabi City,41,YAS ISLAND,1330,All property types,3 beds,New,185500.000000000000000,224500.000000000000000,213392.000000000000000,213k,23604.657354876042518,28738344.954181831330061
2025,Abu Dhabi City,41,YAS ISLAND,1330,All property types,3 beds,Renewal,162239.500000000000000,224887.000000000000000,190335.500000000000000,190k,23604.657354876042518,28738344.954181831330061
2025,Abu Dhabi City,41,YAS ISLAND,1330,All property types,4 beds,All types,212000.000000000000000,337443.000000000000000,281150.000000000000000,281k,23604.657354876042518,28738344.954181831330061
2025,Abu Dhabi City,41,YAS ISLAND,1330,All property types,4 beds,New,211000.000000000000000,338257.000000000000000,276370.000000000000000,276k,23604.657354876042518,28738344.954181831330061
2025,Abu Dhabi City,41,YAS ISLAND,1330,All property types,4 beds,Renewal,240000.000000000000000,330750.000000000000000,289215.000000000000000,289k,23604.657354876042518,28738344.954181831330061
2025,Abu Dhabi City,41,YAS ISLAND,1330,All property types,5 beds,All types,173280.000000000000000,315300.000000000000000,260621.000000000000000,261k,23604.657354876042518,28738344.954181831330061
2025,Abu Dhabi City,41,YAS ISLAND,1330,All property types,5 beds,New,240000.000000000000000,548497.000000000000000,359088.000000000000000,359k,23604.657354876042518,28738344.954181831330061
2025,Abu Dhabi City,41,YAS ISLAND,1330,All property types,All beds,All types,141901.375000000000000,205426.125000000000000,178173.750000000000000,178k,23604.657354876042518,28738344.954181831330061
2025,Abu Dhabi City,41,YAS ISLAND,1330,All property types,All beds,New,159693.625000000000000,236019.250000000000000,196830.000000000000000,197k,23604.657354876042518,28738344.954181831330061
2025,Abu Dhabi City,41,YAS ISLAND,1330,All property types,All beds,Renewal,134455.000000000000000,189811.857141999993473,161124.714284999994561,161k,23604.657354876042518,28738344.954181831330061
2025,Abu Dhabi City,41,YAS ISLAND,1330,All property types,Studio,All types,63800.000000000000000,97200.000000000000000,85500.000000000000000,86k,23604.657354876042518,28738344.954181831330061
2025,Abu Dhabi City,41,YAS ISLAND,1330,All property types,Studio,New,70000.000000000000000,92400.000000000000000,86746.000000000000000,87k,23604.657354876042518,28738344.954181831330061
2025,Abu Dhabi City,41,YAS ISLAND,1330,All property types,Studio,Renewal,57826.000000000000000,108000.000000000000000,83727.000000000000000,84k,23604.657354876042518,28738344.954181831330061
2025,Abu Dhabi City,41,YAS ISLAND,1330,Apartment / Duplex,1 bed,All types,63000.000000000000000,95000.000000000000000,80264.000000000000000,80k,23604.657354876042518,28738344.954181831330061
2025,Abu Dhabi City,41,YAS ISLAND,1330,Apartment / Duplex,1 bed,New,75000.000000000000000,95000.000000000000000,85171.000000000000000,85k,23604.657354876042518,28738344.954181831330061
2025,Abu Dhabi City,41,YAS ISLAND,1330,Apartment / Duplex,1 bed,Renewal,54974.000000000000000,89250.000000000000000,69842.000000000000000,70k,23604.657354876042518,28738344.954181831330061
2025,Abu Dhabi City,41,YAS ISLAND,1330,Apartment / Duplex,2 beds,All types,99500.000000000000000,150000.000000000000000,127020.000000000000000,127k,23604.657354876042518,28738344.954181831330061
2025,Abu Dhabi City,41,YAS ISLAND,1330,Apartment / Duplex,2 beds,New,110000.000000000000000,150000.000000000000000,132567.000000000000000,133k,23604.657354876042518,28738344.954181831330061
2025,Abu Dhabi City,41,YAS ISLAND,1330,Apartment / Duplex,2 beds,Renewal,84000.000000000000000,153166.000000000000000,117658.000000000000000,118k,23604.657354876042518,28738344.954181831330061
2025,Abu Dhabi City,41,YAS ISLAND,1330,Apartment / Duplex,3 beds,All types,128165.000000000000000,170000.000000000000000,159053.000000000000000,159k,23604.657354876042518,28738344.954181831330061
2025,Abu Dhabi City,41,YAS ISLAND,1330,Apartment / Duplex,3 beds,New,131000.000000000000000,169000.000000000000000,164689.000000000000000,165k,23604.657354876042518,28738344.954181831330061
2025,Abu Dhabi City,41,YAS ISLAND,1330,Apartment / Duplex,3 beds,Renewal,124150.000000000000000,189200.000000000000000,149613.000000000000000,150k,23604.657354876042518,28738344.954181831330061
2025,Abu Dhabi City,41,YAS ISLAND,1330,Apartment / Duplex,All beds,All types,88616.250000000000000,128050.000000000000000,112959.250000000000000,113k,23604.657354876042518,28738344.954181831330061
2025,Abu Dhabi City,41,YAS ISLAND,1330,Apartment / Duplex,All beds,New,96500.000000000000000,126600.000000000000000,117293.250000000000000,117k,23604.657354876042518,28738344.954181831330061
2025,Abu Dhabi City,41,YAS ISLAND,1330,Apartment / Duplex,All beds,Renewal,80237.500000000000000,134904.000000000000000,105210.000000000000000,105k,23604.657354876042518,28738344.954181831330061
2025,Abu Dhabi City,41,YAS ISLAND,1330,Apartment / Duplex,Studio,All types,63800.000000000000000,97200.000000000000000,85500.000000000000000,86k,23604.657354876042518,28738344.954181831330061
2025,Abu Dhabi City,41,YAS ISLAND,1330,Apartment / Duplex,Studio,New,70000.000000000000000,92400.000000000000000,86746.000000000000000,87k,23604.657354876042518,28738344.954181831330061
2025,Abu Dhabi City,41,YAS ISLAND,1330,Apartment / Duplex,Studio,Renewal,57826.000000000000000,108000.000000000000000,83727.000000000000000,84k,23604.657354876042518,28738344.954181831330061
2025,Abu Dhabi City,41,YAS ISLAND,1330,Villa / Townhouse,2 beds,All types,184027.000000000000000,210000.000000000000000,193137.000000000000000,193k,23604.657354876042518,28738344.954181831330061
2025,Abu Dhabi City,41,YAS ISLAND,1330,Villa / Townhouse,2 beds,New,200549.000000000000000,215000.000000000000000,207914.000000000000000,208k,23604.657354876042518,28738344.954181831330061
2025,Abu Dhabi City,41,YAS ISLAND,1330,Villa / Townhouse,2 beds,Renewal,179906.000000000000000,197743.000000000000000,186760.000000000000000,187k,23604.657354876042518,28738344.954181831330061
2025,Abu Dhabi City,41,YAS ISLAND,1330,Villa / Townhouse,3 beds,All types,211439.000000000000000,268466.000000000000000,238645.000000000000000,239k,23604.657354876042518,28738344.954181831330061
2025,Abu Dhabi City,41,YAS ISLAND,1330,Villa / Townhouse,3 beds,New,240000.000000000000000,280000.000000000000000,262095.000000000000000,262k,23604.657354876042518,28738344.954181831330061
2025,Abu Dhabi City,41,YAS ISLAND,1330,Villa / Townhouse,3 beds,Renewal,200329.000000000000000,260574.000000000000000,231058.000000000000000,231k,23604.657354876042518,28738344.954181831330061
2025,Abu Dhabi City,41,YAS ISLAND,1330,Villa / Townhouse,4 beds,All types,212000.000000000000000,337443.000000000000000,281150.000000000000000,281k,23604.657354876042518,28738344.954181831330061
2025,Abu Dhabi City,41,YAS ISLAND,1330,Villa / Townhouse,4 beds,New,211000.000000000000000,338257.000000000000000,276370.000000000000000,276k,23604.657354876042518,28738344.954181831330061
2025,Abu Dhabi City,41,YAS ISLAND,1330,Villa / Townhouse,4 beds,Renewal,240000.000000000000000,330750.000000000000000,289215.000000000000000,289k,23604.657354876042518,28738344.954181831330061
2025,Abu Dhabi City,41,YAS ISLAND,1330,Villa / Townhouse,5 beds,All types,173280.000000000000000,315300.000000000000000,260621.000000000000000,261k,23604.657354876042518,28738344.954181831330061
2025,Abu Dhabi City,41,YAS ISLAND,1330,Villa / Townhouse,5 beds,New,240000.000000000000000,548497.000000000000000,359088.000000000000000,359k,23604.657354876042518,28738344.954181831330061
2025,Abu Dhabi City,41,YAS ISLAND,1330,Villa / Townhouse,All beds,All types,195186.500000000000000,282802.250000000000000,243388.250000000000000,243k,23604.657354876042518,28738344.954181831330061
2025,Abu Dhabi City,41,YAS ISLAND,1330,Villa / Townhouse,All beds,New,222887.250000000000000,345438.500000000000000,276366.750000000000000,276k,23604.657354876042518,28738344.954181831330061
2025,Abu Dhabi City,41,YAS ISLAND,1330,Villa / Townhouse,All beds,Renewal,206745.000000000000000,263022.333333000016864,235677.666666000004625,236k,23604.657354876042518,28738344.954181831330061
