municipality,municipality_id,district,district_id,project_number,project_id,project_name,year,typology,sale_rate,lable,shape_Length,shape_Area
Abu Dhabi City,41,Yas Island,1330,20250000426446,2250,Bab Al Qasr Residence 31,2025,Apartment / Duplex,17374.000000000000000,17k-18k,326.497211723669579,6133.509603210864952
Abu Dhabi City,41,Yas Island,1330,20240000314656,2234,Bab Al Qasr residence 25,2025,Apartment / Duplex,15036.000000000000000,14k-16k,330.246923759367291,6525.605225464680188
Abu Dhabi City,41,Al Reem Island,57,20240000297668,2225,Reem Eleven,2025,Apartment / Duplex,17367.000000000000000,16k-19k,219.939798888175176,3223.753938494230624
Abu Dhabi City,41,Yas Island,1330,20240000268328,2224,Yas Riva,2024,Villa / Townhouse,17881.000000000000000,16k-20k,4071.045572268905744,710762.142705376958475
Abu Dhabi City,41,Yas Island,1330,20240000268328,2224,Yas Riva,2025,Villa / Townhouse,18335.000000000000000,18k-19k,4071.045572268905744,710762.142705376958475
Abu Dhabi City,41,Al Reem Island,57,2018/307090,1208,PIXEL,2019,Apartment / Duplex,13890.000000000000000,12k-16k,692.335925460238968,23745.157060739427834
Abu Dhabi City,41,Al Reem Island,57,2018/307090,1208,PIXEL,2020,Apartment / Duplex,13572.000000000000000,13k-14k,692.335925460238968,23745.157060739427834
Abu Dhabi City,41,Al Reem Island,57,2018/307090,1208,PIXEL,2021,Apartment / Duplex,13643.000000000000000,13k-14k,692.335925460238968,23745.157060739427834
Abu Dhabi City,41,Al Reem Island,57,2018/307090,1208,PIXEL,2022,Apartment / Duplex,14170.000000000000000,12k-16k,692.335925460238968,23745.157060739427834
Abu Dhabi City,41,Al Reem Island,57,2018/307090,1208,PIXEL,2023,Apartment / Duplex,14008.000000000000000,13k-14k,692.335925460238968,23745.157060739427834
Abu Dhabi City,41,Al Reem Island,57,2018/307090,1208,PIXEL,2024,Apartment / Duplex,14565.000000000000000,14k-15k,692.335925460238968,23745.157060739427834
Abu Dhabi City,41,Al Reem Island,57,2018/307090,1208,PIXEL,2025,Apartment / Duplex,15484.000000000000000,15k-17k,692.335925460238968,23745.157060739427834
Abu Dhabi City,41,Al Reem Island,57,2023/105831,1398,Reem Hills - Phase 2A,2023,Villa / Townhouse,11535.000000000000000,11k-12k,5656.147844130809062,74194.861585419901530
Abu Dhabi City,41,Al Reem Island,57,2023/105831,1398,Reem Hills - Phase 2A,2024,Villa / Townhouse,11776.000000000000000,10k-13k,5656.147844130809062,74194.861585419901530
Abu Dhabi City,41,Al Reem Island,57,2023/105831,1398,Reem Hills - Phase 2A,2025,Villa / Townhouse,11890.000000000000000,11k-13k,5656.147844130809062,74194.861585419901530
Abu Dhabi City,41,Yas Island,1330,2023/123563,1399,Yas Acres - The Dahlias 2,2025,Villa / Townhouse,13879.000000000000000,12k-15k,456.678027210291305,12952.629010511522210
Abu Dhabi City,41,Al Reem Island,57,20240000164663,1429,Reem Eight,2025,Apartment / Duplex,20449.000000000000000,18k-22k,175.255903767868091,1936.335946961181889
Abu Dhabi City,41,Yas Island,1330,20240000218582,1452,Icon,2024,Apartment / Duplex,20828.000000000000000,20k-21k,298.493889193838356,5775.903115396838075
Abu Dhabi City,41,Yas Island,1330,20240000218582,1452,Icon,2025,Apartment / Duplex,20801.000000000000000,20k-21k,298.493889193838356,5775.903115396838075
Abu Dhabi City,41,Yas Island,1330,20240000210180,1451,Vista Del Mar,2025,Apartment / Duplex,15599.000000000000000,15k-16k,241.529995755257431,4005.560986520241840
Abu Dhabi City,41,Yas Island,1330,20240000205606,1445,The Bay Residence 11,2025,Apartment / Duplex,15826.000000000000000,14k-18k,257.696050874227694,4144.264175386761963
Abu Dhabi City,41,Yas Island,1330,20240000172071,1431,SAMA YAS,2024,Apartment / Duplex,23217.000000000000000,21k-26k,923.100338656445388,27077.932916405101423
Abu Dhabi City,41,Yas Island,1330,20240000172071,1431,SAMA YAS,2025,Apartment / Duplex,23734.000000000000000,23k-25k,923.100338656445388,27077.932916405101423
Abu Dhabi City,41,Al Reem Island,57,20230000119278,1421,ٌٌ Renad tower,2025,Apartment / Duplex,17832.000000000000000,16k-20k,239.945665683268714,3668.125222017872147
Abu Dhabi City,41,Yas Island,1330,20230000070554,1418,Gardenia ,2023,Apartment / Duplex,19222.000000000000000,17k-21k,2162.858486101104972,174415.136471510108095
Abu Dhabi City,41,Yas Island,1330,20230000070554,1418,Gardenia ,2024,Apartment / Duplex,19292.000000000000000,17k-21k,2162.858486101104972,174415.136471510108095
Abu Dhabi City,41,Yas Island,1330,20230000070554,1418,Gardenia ,2025,Apartment / Duplex,19875.000000000000000,19k-21k,2162.858486101104972,174415.136471510108095
Abu Dhabi City,41,Yas Island,1330,20230000095124,1419,Mayyas At The Bay ,2024,Apartment / Duplex,14864.000000000000000,13k-17k,353.659483191771528,7403.643987555797139
Abu Dhabi City,41,Yas Island,1330,20230000095124,1419,Mayyas At The Bay ,2025,Apartment / Duplex,15344.000000000000000,15k-16k,353.659483191771528,7403.643987555797139
Abu Dhabi City,41,Yas Island,1330,2023/176037,1403,Sea La Vie,2023,Apartment / Duplex,18992.000000000000000,17k-21k,818.009413279517844,29912.273262917056854
Abu Dhabi City,41,Yas Island,1330,2023/176037,1403,Sea La Vie,2024,Apartment / Duplex,18764.000000000000000,17k-21k,818.009413279517844,29912.273262917056854
Abu Dhabi City,41,Yas Island,1330,2023/176037,1403,Sea La Vie,2025,Apartment / Duplex,19056.000000000000000,17k-21k,818.009413279517844,29912.273262917056854
Abu Dhabi City,41,Al Reem Island,57,2023/161912,1402,Reem Hills - Phase 2D,2023,Apartment / Duplex,11345.000000000000000,11k-12k,1536.669224323757362,74075.915925899447757
Abu Dhabi City,41,Al Reem Island,57,2023/161912,1402,Reem Hills - Phase 2D,2024,Apartment / Duplex,11570.000000000000000,11k-12k,1536.669224323757362,74075.915925899447757
Abu Dhabi City,41,Al Reem Island,57,2023/161912,1402,Reem Hills - Phase 2D,2025,Apartment / Duplex,11396.000000000000000,10k-13k,1536.669224323757362,74075.915925899447757
Abu Dhabi City,41,Al Reem Island,57,2023/98820,1396,Reem Hills - Phase 2C,2023,Villa / Townhouse,11522.000000000000000,11k-12k,1916.299340137418085,136864.971249026304577
Abu Dhabi City,41,Al Reem Island,57,2023/98820,1396,Reem Hills - Phase 2C,2024,Villa / Townhouse,11403.000000000000000,10k-13k,1916.299340137418085,136864.971249026304577
Abu Dhabi City,41,Al Reem Island,57,2023/98820,1396,Reem Hills - Phase 2C,2025,Villa / Townhouse,11426.000000000000000,10k-13k,1916.299340137418085,136864.971249026304577
Abu Dhabi City,41,Al Reem Island,57,2023/99284,1395,Reem Hills - Phase 2B,2023,Villa / Townhouse,11752.000000000000000,11k-13k,1645.468270592955378,136966.055593991914066
Abu Dhabi City,41,Al Reem Island,57,2023/99284,1395,Reem Hills - Phase 2B,2024,Villa / Townhouse,11638.000000000000000,10k-13k,1645.468270592955378,136966.055593991914066
Abu Dhabi City,41,Al Reem Island,57,2023/99284,1395,Reem Hills - Phase 2B,2025,Villa / Townhouse,11523.000000000000000,10k-13k,1645.468270592955378,136966.055593991914066
Abu Dhabi City,41,Yas Island,1330,2023/96930,1394,The Sustainable City Yas Island - Phase 1,2023,Apartment / Duplex,13175.000000000000000,12k-15k,2708.615008754909923,396554.046902588452213
Abu Dhabi City,41,Yas Island,1330,2023/96930,1394,The Sustainable City Yas Island - Phase 1,2023,Villa / Townhouse,12113.000000000000000,11k-13k,2708.615008754909923,396554.046902588452213
Abu Dhabi City,41,Yas Island,1330,2023/96930,1394,The Sustainable City Yas Island - Phase 1,2024,Apartment / Duplex,13051.000000000000000,12k-15k,2708.615008754909923,396554.046902588452213
Abu Dhabi City,41,Yas Island,1330,2023/96930,1394,The Sustainable City Yas Island - Phase 1,2024,Villa / Townhouse,12074.000000000000000,11k-13k,2708.615008754909923,396554.046902588452213
Abu Dhabi City,41,Yas Island,1330,2023/96930,1394,The Sustainable City Yas Island - Phase 1,2025,Apartment / Duplex,12802.000000000000000,11k-14k,2708.615008754909923,396554.046902588452213
Abu Dhabi City,41,Yas Island,1330,2023/96930,1394,The Sustainable City Yas Island - Phase 1,2025,Villa / Townhouse,12143.000000000000000,11k-13k,2708.615008754909923,396554.046902588452213
Abu Dhabi City,41,Al Reem Island,57,2022/602929,1383,Reem Nine ,2023,Apartment / Duplex,16071.000000000000000,14k-18k,250.140001644481231,4182.754288559018278
Abu Dhabi City,41,Al Reem Island,57,2022/602929,1383,Reem Nine ,2024,Apartment / Duplex,16478.000000000000000,16k-17k,250.140001644481231,4182.754288559018278
Abu Dhabi City,41,Al Reem Island,57,2022/602929,1383,Reem Nine ,2025,Apartment / Duplex,16889.000000000000000,15k-19k,250.140001644481231,4182.754288559018278
Abu Dhabi City,41,Yas Island,1330,2022/611769,1382,The Bay Residence ,2023,Apartment / Duplex,16311.000000000000000,15k-18k,297.844362357672708,5762.522915549402569
Abu Dhabi City,41,Yas Island,1330,2022/611769,1382,The Bay Residence ,2024,Apartment / Duplex,16894.000000000000000,16k-17k,297.844362357672708,5762.522915549402569
Abu Dhabi City,41,Yas Island,1330,2022/611769,1382,The Bay Residence ,2025,Apartment / Duplex,18179.000000000000000,18k-19k,297.844362357672708,5762.522915549402569
Abu Dhabi City,41,Al Reem Island,57,2022/432229,1376,Reem Hills - Phase 1B,2022,Villa / Townhouse,10764.000000000000000,10k-12k,3674.301975452477109,323071.788448641076684
Abu Dhabi City,41,Al Reem Island,57,2022/432229,1376,Reem Hills - Phase 1B,2023,Villa / Townhouse,10842.000000000000000,10k-12k,3674.301975452477109,323071.788448641076684
Abu Dhabi City,41,Al Reem Island,57,2022/432229,1376,Reem Hills - Phase 1B,2024,Villa / Townhouse,10811.000000000000000,10k-12k,3674.301975452477109,323071.788448641076684
Abu Dhabi City,41,Al Reem Island,57,2022/432229,1376,Reem Hills - Phase 1B,2025,Villa / Townhouse,10941.000000000000000,10k-12k,3674.301975452477109,323071.788448641076684
Abu Dhabi City,41,Al Reem Island,57,2022/434291,1375,Reem Hills - Phase 1C,2022,Villa / Townhouse,10873.000000000000000,10k-12k,2330.201646732262361,105815.239269331446849
Abu Dhabi City,41,Al Reem Island,57,2022/434291,1375,Reem Hills - Phase 1C,2023,Villa / Townhouse,10796.000000000000000,10k-12k,2330.201646732262361,105815.239269331446849
Abu Dhabi City,41,Al Reem Island,57,2022/434291,1375,Reem Hills - Phase 1C,2024,Villa / Townhouse,10753.000000000000000,10k-12k,2330.201646732262361,105815.239269331446849
Abu Dhabi City,41,Al Reem Island,57,2022/434291,1375,Reem Hills - Phase 1C,2025,Villa / Townhouse,10743.000000000000000,10k-12k,2330.201646732262361,105815.239269331446849
Abu Dhabi City,41,Yas Island,1330,2022/423328,1366,NOYA 5 - YAS PARK VIEWS ,2022,Villa / Townhouse,15526.000000000000000,14k-17k,3233.326240055501785,283860.801308808731847
Abu Dhabi City,41,Yas Island,1330,2022/423328,1366,NOYA 5 - YAS PARK VIEWS ,2023,Villa / Townhouse,15097.000000000000000,15k-16k,3233.326240055501785,283860.801308808731847
Abu Dhabi City,41,Yas Island,1330,2022/423328,1366,NOYA 5 - YAS PARK VIEWS ,2024,Villa / Townhouse,15238.000000000000000,15k-16k,3233.326240055501785,283860.801308808731847
Abu Dhabi City,41,Yas Island,1330,2022/423328,1366,NOYA 5 - YAS PARK VIEWS ,2025,Villa / Townhouse,15350.000000000000000,14k-17k,3233.326240055501785,283860.801308808731847
Abu Dhabi City,41,Yas Island,1330,2022/395105,1363,NOYA 4 - YAS PARK GATE,2022,Villa / Townhouse,14538.000000000000000,14k-15k,2487.211176931425143,255967.315066273236880
Abu Dhabi City,41,Yas Island,1330,2022/395105,1363,NOYA 4 - YAS PARK GATE,2023,Villa / Townhouse,14380.000000000000000,13k-16k,2487.211176931425143,255967.315066273236880
Abu Dhabi City,41,Yas Island,1330,2022/395105,1363,NOYA 4 - YAS PARK GATE,2024,Villa / Townhouse,14582.000000000000000,14k-15k,2487.211176931425143,255967.315066273236880
Abu Dhabi City,41,Yas Island,1330,2022/395105,1363,NOYA 4 - YAS PARK GATE,2025,Villa / Townhouse,14586.000000000000000,14k-15k,2487.211176931425143,255967.315066273236880
Abu Dhabi City,41,Yas Island,1330,2022/363936,1362,Perla 2,2023,Apartment / Duplex,10581.000000000000000,10k-11k,353.649257003221635,4984.590226047196666
Abu Dhabi City,41,Yas Island,1330,2022/363936,1362,Perla 2,2024,Apartment / Duplex,10438.000000000000000,10k-11k,353.649257003221635,4984.590226047196666
Abu Dhabi City,41,Yas Island,1330,2022/363936,1362,Perla 2,2025,Apartment / Duplex,10927.000000000000000,10k-12k,353.649257003221635,4984.590226047196666
Abu Dhabi City,41,Yas Island,1330,2022/334087,1359,Ansam 2 - Yas Golf Collection,2022,Apartment / Duplex,16606.000000000000000,15k-18k,1506.828660277221616,86688.731568671370042
Abu Dhabi City,41,Yas Island,1330,2022/334087,1359,Ansam 2 - Yas Golf Collection,2023,Apartment / Duplex,17096.000000000000000,15k-19k,1506.828660277221616,86688.731568671370042
Abu Dhabi City,41,Yas Island,1330,2022/334087,1359,Ansam 2 - Yas Golf Collection,2024,Apartment / Duplex,17472.000000000000000,17k-18k,1506.828660277221616,86688.731568671370042
Abu Dhabi City,41,Yas Island,1330,2022/334087,1359,Ansam 2 - Yas Golf Collection,2025,Apartment / Duplex,17250.000000000000000,15k-19k,1506.828660277221616,86688.731568671370042
Abu Dhabi City,41,Al Reem Island,57,2022/110193,1339,Reem Hills – Phase 1A,2022,Villa / Townhouse,11835.000000000000000,11k-13k,3499.786326161367469,717780.931558725424111
Abu Dhabi City,41,Al Reem Island,57,2022/110193,1339,Reem Hills – Phase 1A,2023,Villa / Townhouse,11883.000000000000000,11k-13k,3499.786326161367469,717780.931558725424111
Abu Dhabi City,41,Al Reem Island,57,2022/110193,1339,Reem Hills – Phase 1A,2024,Villa / Townhouse,11972.000000000000000,11k-13k,3499.786326161367469,717780.931558725424111
Abu Dhabi City,41,Al Reem Island,57,2022/110193,1339,Reem Hills – Phase 1A,2025,Villa / Townhouse,11966.000000000000000,11k-13k,3499.786326161367469,717780.931558725424111
Abu Dhabi City,41,Yas Island,1330,2021/401179,1290,DIVA 1,2022,Apartment / Duplex,11807.000000000000000,11k-13k,264.707134433733131,4282.657881516840462
Abu Dhabi City,41,Yas Island,1330,2021/401179,1290,DIVA 1,2023,Apartment / Duplex,13013.000000000000000,12k-14k,264.707134433733131,4282.657881516840462
Abu Dhabi City,41,Yas Island,1330,2021/401179,1290,DIVA 1,2024,Apartment / Duplex,13905.000000000000000,12k-16k,264.707134433733131,4282.657881516840462
Abu Dhabi City,41,Yas Island,1330,2021/401179,1290,DIVA 1,2025,Apartment / Duplex,14270.000000000000000,14k-15k,264.707134433733131,4282.657881516840462
Abu Dhabi City,41,Yas Island,1330,2021/311211,1287,Diva 2,2022,Apartment / Duplex,12404.000000000000000,11k-14k,270.462609718841236,4166.448478047963363
Abu Dhabi City,41,Yas Island,1330,2021/311211,1287,Diva 2,2023,Apartment / Duplex,13248.000000000000000,12k-14k,270.462609718841236,4166.448478047963363
Abu Dhabi City,41,Yas Island,1330,2021/311211,1287,Diva 2,2024,Apartment / Duplex,14266.000000000000000,12k-16k,270.462609718841236,4166.448478047963363
Abu Dhabi City,41,Yas Island,1330,2021/311211,1287,Diva 2,2025,Apartment / Duplex,13867.000000000000000,12k-16k,270.462609718841236,4166.448478047963363
Abu Dhabi City,41,Al Reem Island,57,2021/265990,1283,One Reem Island,2023,Apartment / Duplex,18405.000000000000000,17k-20k,248.510086142789703,3752.685704237724622
Abu Dhabi City,41,Al Reem Island,57,2021/253289,1280,Radiant Square,2024,Apartment / Duplex,11248.000000000000000,10k-13k,558.618780268949990,17669.038628156889899
Abu Dhabi City,41,Al Reem Island,57,2021/253289,1280,Radiant Square,2025,Apartment / Duplex,11490.000000000000000,11k-12k,558.618780268949990,17669.038628156889899
Abu Dhabi City,41,Yas Island,1330,2020/540783,1268,NOYA - Phase 1,2020,Villa / Townhouse,11786.000000000000000,11k-13k,1874.457914689599875,212638.084029835299589
Abu Dhabi City,41,Yas Island,1330,2020/540783,1268,NOYA - Phase 1,2021,Villa / Townhouse,11646.000000000000000,10k-13k,1874.457914689599875,212638.084029835299589
Abu Dhabi City,41,Yas Island,1330,2020/540783,1268,NOYA - Phase 1,2022,Villa / Townhouse,11707.000000000000000,10k-13k,1874.457914689599875,212638.084029835299589
Abu Dhabi City,41,Yas Island,1330,2020/540783,1268,NOYA - Phase 1,2023,Villa / Townhouse,11838.000000000000000,10k-13k,1874.457914689599875,212638.084029835299589
Abu Dhabi City,41,Yas Island,1330,2020/540783,1268,NOYA - Phase 1,2024,Villa / Townhouse,14134.000000000000000,12k-16k,1874.457914689599875,212638.084029835299589
Abu Dhabi City,41,Yas Island,1330,2020/540783,1268,NOYA - Phase 1,2025,Villa / Townhouse,18292.000000000000000,17k-20k,1874.457914689599875,212638.084029835299589
Abu Dhabi City,41,Yas Island,1330,2020/410062,1266,Yas Beach Residence,2020,Apartment / Duplex,9631.000000000000000,9k-10k,565.173613504499599,8923.395837044445216
Abu Dhabi City,41,Yas Island,1330,2020/410062,1266,Yas Beach Residence,2021,Apartment / Duplex,10538.000000000000000,10k-11k,565.173613504499599,8923.395837044445216
Abu Dhabi City,41,Yas Island,1330,2020/410062,1266,Yas Beach Residence,2022,Apartment / Duplex,10922.000000000000000,10k-12k,565.173613504499599,8923.395837044445216
Abu Dhabi City,41,Yas Island,1330,2020/410062,1266,Yas Beach Residence,2023,Apartment / Duplex,10760.000000000000000,10k-11k,565.173613504499599,8923.395837044445216
Abu Dhabi City,41,Yas Island,1330,2020/410062,1266,Yas Beach Residence,2024,Apartment / Duplex,9119.000000000000000,8k-10k,565.173613504499599,8923.395837044445216
Abu Dhabi City,41,Yas Island,1330,2020/410062,1266,Yas Beach Residence,2025,Apartment / Duplex,8408.000000000000000,7k-9k,565.173613504499599,8923.395837044445216
Abu Dhabi City,41,Al Reem Island,57,2018/108970,1192,PIXEL  ,2019,Apartment / Duplex,12862.000000000000000,12k-14k,692.335925460238968,23745.157060739427834
Abu Dhabi City,41,Al Reem Island,57,2018/108970,1192,PIXEL  ,2020,Apartment / Duplex,13041.000000000000000,13k-14k,692.335925460238968,23745.157060739427834
Abu Dhabi City,41,Al Reem Island,57,2018/108970,1192,PIXEL  ,2021,Apartment / Duplex,13679.000000000000000,13k-14k,692.335925460238968,23745.157060739427834
Abu Dhabi City,41,Al Reem Island,57,2018/108970,1192,PIXEL  ,2022,Apartment / Duplex,13321.000000000000000,13k-14k,692.335925460238968,23745.157060739427834
Abu Dhabi City,41,Al Reem Island,57,2018/108970,1192,PIXEL  ,2023,Apartment / Duplex,13043.000000000000000,12k-14k,692.335925460238968,23745.157060739427834
Abu Dhabi City,41,Al Reem Island,57,2018/108970,1192,PIXEL  ,2024,Apartment / Duplex,14413.000000000000000,13k-16k,692.335925460238968,23745.157060739427834
Abu Dhabi City,41,Al Reem Island,57,2018/108970,1192,PIXEL  ,2025,Apartment / Duplex,14695.000000000000000,14k-15k,692.335925460238968,23745.157060739427834
Abu Dhabi City,41,Yas Island,1330,20250000476165,2255,Yas Links Luxury Living ,2025,Apartment / Duplex,32740.000000000000000,29k-36k,652.492905419048384,17392.136806380000053
Abu Dhabi City,41,Yas Island,1330,20250000452216,2256,Opula Residences  - Yas Bay,2025,Apartment / Duplex,19404.000000000000000,19k-20k,266.341275125339109,4567.808325960857474
Abu Dhabi City,41,Yas Island,1330,20240000404571,2245,Selina Bay,2025,Apartment / Duplex,13001.000000000000000,12k-15k,482.985024739757023,11812.984057307428884
Abu Dhabi City,41,Al Reem Island,57,2025-02,10000005,MAYAR,2025,Apartment / Duplex,16007.000000000000000,14k-18k,1208.074375738276103,81475.154485948383808
Abu Dhabi City,41,Al Reem Island,57,2025-01,10000004,Thoraya,2025,Villa / Townhouse,16005.000000000000000,14k-18k,1376.930676179472584,91462.555355852964567
Abu Dhabi City,41,Al Reem Island,57,2025-04,10000006,Oasis Residences 2,2025,Apartment / Duplex,15166.000000000000000,13k-17k,181.076748821523523,2054.991149889734515
Abu Dhabi City,41,Al Reem Island,57,2025-03,10000008,Saas Heights,2025,Apartment / Duplex,19152.000000000000000,17k-21k,188.039065796572260,2346.096229657429376
Abu Dhabi City,41,Al Reem Island,57,20240000345024,2237,Radiant Marina Towers,2025,Apartment / Duplex,15976.000000000000000,14k-18k,477.621438096780935,10582.980957292680614
Abu Dhabi City,41,Al Reem Island,57,20240000322292,2230,RIVAGE,2025,Apartment / Duplex,16781.000000000000000,15k-19k,331.014485558432909,6029.511077197299528
Abu Dhabi City,41,Al Reem Island,57,20230000056992,2213,Vista 3,2025,Apartment / Duplex,12862.000000000000000,11k-15k,290.992321347407085,4771.038194031724743
Abu Dhabi City,41,Al Reem Island,57,20240000214830,1447,OHANA REAL ESTATE DEVELOPMENT ELIE SAAB TOWER AL REEM,2024,Apartment / Duplex,19108.000000000000000,17k-21k,277.699511291812598,5049.198137412825417
Abu Dhabi City,41,Al Reem Island,57,20240000214830,1447,OHANA REAL ESTATE DEVELOPMENT ELIE SAAB TOWER AL REEM,2025,Apartment / Duplex,19502.000000000000000,19k-20k,277.699511291812598,5049.198137412825417
Abu Dhabi City,41,Yas Island,1330,2022/351584,1361,Perla 1,2023,Apartment / Duplex,10665.000000000000000,10k-11k,422.073126272612797,5997.187609482914013
Abu Dhabi City,41,Yas Island,1330,2022/351584,1361,Perla 1,2024,Apartment / Duplex,11798.000000000000000,11k-12k,422.073126272612797,5997.187609482914013
Abu Dhabi City,41,Yas Island,1330,2022/351584,1361,Perla 1,2025,Apartment / Duplex,12473.000000000000000,12k-13k,422.073126272612797,5997.187609482914013
Abu Dhabi City,41,Al Reem Island,57,2022/513435,1379,Boardwalk Residents ,2024,Apartment / Duplex,13166.000000000000000,12k-15k,208.458353603876930,2483.841823100436159
Abu Dhabi City,41,Al Reem Island,57,2022/513435,1379,Boardwalk Residents ,2025,Apartment / Duplex,13223.000000000000000,12k-15k,208.458353603876930,2483.841823100436159
Abu Dhabi City,41,Al Reem Island,57,20240000189025,1448,Oasis Residences,2024,Apartment / Duplex,13963.000000000000000,12k-15k,175.255903767868091,1936.335946961181889
Abu Dhabi City,41,Al Reem Island,57,20240000189025,1448,Oasis Residences,2025,Apartment / Duplex,13999.000000000000000,12k-16k,175.255903767868091,1936.335946961181889
Abu Dhabi City,41,Al Reem Island,57,2021/430340,1291,Mangroves Place,2019,Apartment / Duplex,8488.000000000000000,8k-9k,398.756792046411874,6490.871802193125404
Abu Dhabi City,41,Al Reem Island,57,2021/430340,1291,Mangroves Place,2020,Apartment / Duplex,8517.000000000000000,8k-9k,398.756792046411874,6490.871802193125404
Abu Dhabi City,41,Al Reem Island,57,2021/430340,1291,Mangroves Place,2021,Apartment / Duplex,8458.000000000000000,8k-9k,398.756792046411874,6490.871802193125404
Abu Dhabi City,41,Al Reem Island,57,2021/430340,1291,Mangroves Place,2022,Apartment / Duplex,8120.000000000000000,7k-9k,398.756792046411874,6490.871802193125404
Abu Dhabi City,41,Al Reem Island,57,2021/430340,1291,Mangroves Place,2023,Apartment / Duplex,7891.000000000000000,7k-9k,398.756792046411874,6490.871802193125404
Abu Dhabi City,41,Al Reem Island,57,2021/430340,1291,Mangroves Place,2024,Apartment / Duplex,10741.000000000000000,9k-12k,398.756792046411874,6490.871802193125404
Abu Dhabi City,41,Al Reem Island,57,2021/430340,1291,Mangroves Place,2025,Apartment / Duplex,11778.000000000000000,11k-13k,398.756792046411874,6490.871802193125404
Abu Dhabi City,41,Yas Island,1330,2021/300888,1285,West Yas Plots,2020,Villa Plot,2966.000000000000000,2.7k-3.3k,6082.429351185276573,423506.049229465192184
Abu Dhabi City,41,Yas Island,1330,2021/300888,1285,West Yas Plots,2021,Villa Plot,2981.000000000000000,2.7k-3.3k,6082.429351185276573,423506.049229465192184
Abu Dhabi City,41,Yas Island,1330,2021/300888,1285,West Yas Plots,2024,Villa Plot,3426.000000000000000,3k-4k,6082.429351185276573,423506.049229465192184
Abu Dhabi City,41,Yas Island,1330,2021/300888,1285,West Yas Plots,2025,Villa Plot,3432.000000000000000,3k-4k,6082.429351185276573,423506.049229465192184
Abu Dhabi City,41,Al Reem Island,57,2021/263215,1282,Reem Five,2022,Apartment / Duplex,17957.000000000000000,16k-20k,177.166387719632610,1920.692730440019204
Abu Dhabi City,41,Al Reem Island,57,2021/263215,1282,Reem Five,2024,Apartment / Duplex,18579.000000000000000,17k-20k,177.166387719632610,1920.692730440019204
Abu Dhabi City,41,Al Reem Island,57,2021/263215,1282,Reem Five,2025,Apartment / Duplex,18971.000000000000000,17k-21k,177.166387719632610,1920.692730440019204
Abu Dhabi City,41,Yas Island,1330,2021/245801,1279,Noya Luma,2021,Villa / Townhouse,12761.000000000000000,11k-14k,2278.845675233854763,143095.556208689784398
Abu Dhabi City,41,Yas Island,1330,2021/245801,1279,Noya Luma,2022,Villa / Townhouse,12903.000000000000000,12k-14k,2278.845675233854763,143095.556208689784398
Abu Dhabi City,41,Yas Island,1330,2021/245801,1279,Noya Luma,2023,Villa / Townhouse,12906.000000000000000,12k-14k,2278.845675233854763,143095.556208689784398
Abu Dhabi City,41,Yas Island,1330,2021/245801,1279,Noya Luma,2024,Villa / Townhouse,13082.000000000000000,12k-14k,2278.845675233854763,143095.556208689784398
Abu Dhabi City,41,Yas Island,1330,2021/245801,1279,Noya Luma,2025,Villa / Townhouse,17444.000000000000000,15k-19k,2278.845675233854763,143095.556208689784398
Abu Dhabi City,41,Yas Island,1330,2021/202994,1275,Noya Viva,2021,Villa / Townhouse,12943.000000000000000,12k-14k,2032.546827421726221,206864.655735475622350
Abu Dhabi City,41,Yas Island,1330,2021/202994,1275,Noya Viva,2022,Villa / Townhouse,12899.000000000000000,12k-14k,2032.546827421726221,206864.655735475622350
Abu Dhabi City,41,Yas Island,1330,2021/202994,1275,Noya Viva,2023,Villa / Townhouse,12991.000000000000000,12k-14k,2032.546827421726221,206864.655735475622350
Abu Dhabi City,41,Yas Island,1330,2021/202994,1275,Noya Viva,2024,Villa / Townhouse,12976.000000000000000,12k-15k,2032.546827421726221,206864.655735475622350
Abu Dhabi City,41,Yas Island,1330,2021/202994,1275,Noya Viva,2025,Villa / Townhouse,17973.000000000000000,14k-20k,2032.546827421726221,206864.655735475622350
Abu Dhabi City,41,Al Reem Island,57,2020/681749,1270,Hydra Avenue,2019,Apartment / Duplex,16228.000000000000000,15k-17k,909.305516248724075,25720.203326523725991
Abu Dhabi City,41,Al Reem Island,57,2020/681749,1270,Hydra Avenue,2020,Apartment / Duplex,14701.000000000000000,14k-15k,909.305516248724075,25720.203326523725991
Abu Dhabi City,41,Al Reem Island,57,2020/681749,1270,Hydra Avenue,2021,Apartment / Duplex,10461.000000000000000,8k-14k,909.305516248724075,25720.203326523725991
Abu Dhabi City,41,Al Reem Island,57,2020/681749,1270,Hydra Avenue,2022,Apartment / Duplex,8795.000000000000000,8k-10k,909.305516248724075,25720.203326523725991
Abu Dhabi City,41,Al Reem Island,57,2020/681749,1270,Hydra Avenue,2023,Apartment / Duplex,8874.000000000000000,8k-10k,909.305516248724075,25720.203326523725991
Abu Dhabi City,41,Al Reem Island,57,2020/681749,1270,Hydra Avenue,2024,Apartment / Duplex,9711.000000000000000,9k-10k,909.305516248724075,25720.203326523725991
Abu Dhabi City,41,Al Reem Island,57,2020/681749,1270,Hydra Avenue,2025,Apartment / Duplex,10748.000000000000000,10k-12k,909.305516248724075,25720.203326523725991
Abu Dhabi City,41,Al Reem Island,57,2020/478940,1267,Parkside B,2021,Apartment / Duplex,11109.000000000000000,10k-12k,147.973015285553316,1353.686413477755423
Abu Dhabi City,41,Al Reem Island,57,2020/478940,1267,Parkside B,2022,Apartment / Duplex,11292.000000000000000,10k-12k,147.973015285553316,1353.686413477755423
Abu Dhabi City,41,Al Reem Island,57,2020/478940,1267,Parkside B,2023,Apartment / Duplex,11386.000000000000000,10k-13k,147.973015285553316,1353.686413477755423
Abu Dhabi City,41,Al Reem Island,57,2020/478940,1267,Parkside B,2024,Apartment / Duplex,11476.000000000000000,11k-12k,147.973015285553316,1353.686413477755423
Abu Dhabi City,41,Al Reem Island,57,2020/478940,1267,Parkside B,2025,Apartment / Duplex,11523.000000000000000,10k-13k,147.973015285553316,1353.686413477755423
Abu Dhabi City,41,Al Reem Island,57,2019/577836,1256,Parkside A ,2022,Apartment / Duplex,13306.000000000000000,12k-15k,130.861692964977351,1096.848967678969757
Abu Dhabi City,41,Al Reem Island,57,2019/577836,1256,Parkside A ,2023,Apartment / Duplex,13327.000000000000000,12k-15k,130.861692964977351,1096.848967678969757
Abu Dhabi City,41,Al Reem Island,57,2019/577836,1256,Parkside A ,2024,Apartment / Duplex,13326.000000000000000,12k-15k,130.861692964977351,1096.848967678969757
Abu Dhabi City,41,Al Reem Island,57,2019/577836,1256,Parkside A ,2025,Apartment / Duplex,13479.000000000000000,13k-14k,130.861692964977351,1096.848967678969757
Abu Dhabi City,41,Al Reem Island,57,2019/435887,1249,Julphar Residence,2023,Apartment / Duplex,12583.000000000000000,12k-13k,282.684747217729068,4474.917082715061042
Abu Dhabi City,41,Al Reem Island,57,2019/435887,1249,Julphar Residence,2024,Apartment / Duplex,12699.000000000000000,11k-14k,282.684747217729068,4474.917082715061042
Abu Dhabi City,41,Al Reem Island,57,2019/435887,1249,Julphar Residence,2025,Apartment / Duplex,14858.000000000000000,13k-17k,282.684747217729068,4474.917082715061042
Abu Dhabi City,41,Yas Island,1330,2019/222253,1233,LEA,2019,Villa Plot,2716.000000000000000,2k-3k,2573.751193651770336,351646.564308758301195
Abu Dhabi City,41,Yas Island,1330,2019/222253,1233,LEA,2020,Villa Plot,2683.000000000000000,2k-3k,2573.751193651770336,351646.564308758301195
Abu Dhabi City,41,Yas Island,1330,2019/222253,1233,LEA,2021,Villa Plot,2682.000000000000000,2k-3k,2573.751193651770336,351646.564308758301195
Abu Dhabi City,41,Yas Island,1330,2019/222253,1233,LEA,2022,Villa Plot,3370.000000000000000,3k-4k,2573.751193651770336,351646.564308758301195
Abu Dhabi City,41,Yas Island,1330,2019/222253,1233,LEA,2023,Villa Plot,3879.000000000000000,3k-5k,2573.751193651770336,351646.564308758301195
Abu Dhabi City,41,Yas Island,1330,2019/222253,1233,LEA,2024,Villa Plot,4441.000000000000000,4k-5k,2573.751193651770336,351646.564308758301195
Abu Dhabi City,41,Yas Island,1330,2019/222253,1233,LEA,2025,Villa Plot,4472.000000000000000,4k-5k,2573.751193651770336,351646.564308758301195
Abu Dhabi City,41,Al Reem Island,57,2019/203138,1232,Canal Residence,2025,Apartment / Duplex,20017.000000000000000,18k-22k,352.630361609663112,7712.561666000679907
Abu Dhabi City,41,Al Reem Island,57,2019/143416,1231,Al Masoud Building,2020,Apartment / Duplex,13475.000000000000000,12k-15k,271.020722369005739,4214.666992971501713
Abu Dhabi City,41,Al Reem Island,57,2019/143416,1231,Al Masoud Building,2021,Apartment / Duplex,13413.000000000000000,12k-15k,271.020722369005739,4214.666992971501713
Abu Dhabi City,41,Al Reem Island,57,2019/143416,1231,Al Masoud Building,2024,Apartment / Duplex,13099.000000000000000,12k-15k,271.020722369005739,4214.666992971501713
Abu Dhabi City,41,Al Reem Island,57,2019/143416,1231,Al Masoud Building,2025,Apartment / Duplex,13141.000000000000000,12k-15k,271.020722369005739,4214.666992971501713
Abu Dhabi City,41,Al Reem Island,57,2018/208770,1204,"THE WAVE, NAJMAT MARINA",2019,Apartment / Duplex,13074.000000000000000,12k-14k,292.015326707603208,5221.664865436643595
Abu Dhabi City,41,Al Reem Island,57,2018/208770,1204,"THE WAVE, NAJMAT MARINA",2020,Apartment / Duplex,13092.000000000000000,12k-14k,292.015326707603208,5221.664865436643595
Abu Dhabi City,41,Al Reem Island,57,2018/208770,1204,"THE WAVE, NAJMAT MARINA",2021,Apartment / Duplex,13041.000000000000000,12k-14k,292.015326707603208,5221.664865436643595
Abu Dhabi City,41,Al Reem Island,57,2018/208770,1204,"THE WAVE, NAJMAT MARINA",2022,Apartment / Duplex,13041.000000000000000,12k-14k,292.015326707603208,5221.664865436643595
Abu Dhabi City,41,Al Reem Island,57,2018/208770,1204,"THE WAVE, NAJMAT MARINA",2023,Apartment / Duplex,13018.000000000000000,12k-14k,292.015326707603208,5221.664865436643595
Abu Dhabi City,41,Al Reem Island,57,2018/208770,1204,"THE WAVE, NAJMAT MARINA",2024,Apartment / Duplex,13012.000000000000000,12k-14k,292.015326707603208,5221.664865436643595
Abu Dhabi City,41,Al Reem Island,57,2018/208770,1204,"THE WAVE, NAJMAT MARINA",2025,Apartment / Duplex,12913.000000000000000,12k-14k,292.015326707603208,5221.664865436643595
Abu Dhabi City,41,Al Reem Island,57,2018/208110,1203,MARINA BAY ,2019,Apartment / Duplex,17656.000000000000000,16k-18k,292.014459995142829,5221.642072594856472
Abu Dhabi City,41,Al Reem Island,57,2018/208110,1203,MARINA BAY ,2020,Apartment / Duplex,15855.000000000000000,12k-19k,292.014459995142829,5221.642072594856472
Abu Dhabi City,41,Al Reem Island,57,2018/208110,1203,MARINA BAY ,2021,Apartment / Duplex,9858.000000000000000,9k-12k,292.014459995142829,5221.642072594856472
Abu Dhabi City,41,Al Reem Island,57,2018/208110,1203,MARINA BAY ,2022,Apartment / Duplex,8895.000000000000000,8k-10k,292.014459995142829,5221.642072594856472
Abu Dhabi City,41,Al Reem Island,57,2018/208110,1203,MARINA BAY ,2023,Apartment / Duplex,8178.000000000000000,8k-9k,292.014459995142829,5221.642072594856472
Abu Dhabi City,41,Al Reem Island,57,2018/208110,1203,MARINA BAY ,2024,Apartment / Duplex,7992.000000000000000,7k-9k,292.014459995142829,5221.642072594856472
Abu Dhabi City,41,Al Reem Island,57,2018/208110,1203,MARINA BAY ,2025,Apartment / Duplex,8998.000000000000000,8k-10k,292.014459995142829,5221.642072594856472
Abu Dhabi City,41,Al Reem Island,57,2018/175955,1200,AMAYA TOWERS,2019,Apartment / Duplex,12085.000000000000000,11k-14k,369.518591852247937,6131.983303630120645
Abu Dhabi City,41,Al Reem Island,57,2018/175955,1200,AMAYA TOWERS,2020,Apartment / Duplex,11694.000000000000000,11k-12k,369.518591852247937,6131.983303630120645
Abu Dhabi City,41,Al Reem Island,57,2018/175955,1200,AMAYA TOWERS,2021,Apartment / Duplex,10544.000000000000000,10k-11k,369.518591852247937,6131.983303630120645
Abu Dhabi City,41,Al Reem Island,57,2018/175955,1200,AMAYA TOWERS,2022,Apartment / Duplex,10051.000000000000000,9k-11k,369.518591852247937,6131.983303630120645
Abu Dhabi City,41,Al Reem Island,57,2018/175955,1200,AMAYA TOWERS,2023,Apartment / Duplex,10268.000000000000000,10k-11k,369.518591852247937,6131.983303630120645
Abu Dhabi City,41,Al Reem Island,57,2018/175955,1200,AMAYA TOWERS,2024,Apartment / Duplex,10933.000000000000000,10k-13k,369.518591852247937,6131.983303630120645
Abu Dhabi City,41,Al Reem Island,57,2018/175955,1200,AMAYA TOWERS,2025,Apartment / Duplex,11710.000000000000000,11k-12k,369.518591852247937,6131.983303630120645
Abu Dhabi City,41,Al Reem Island,57,2018/136266,1197,ocean scape,2019,Apartment / Duplex,13231.000000000000000,12k-15k,338.967930191018922,5180.652803957646938
Abu Dhabi City,41,Al Reem Island,57,2018/136266,1197,ocean scape,2020,Apartment / Duplex,11846.000000000000000,10k-13k,338.967930191018922,5180.652803957646938
Abu Dhabi City,41,Al Reem Island,57,2018/136266,1197,ocean scape,2021,Apartment / Duplex,8664.000000000000000,8k-10k,338.967930191018922,5180.652803957646938
Abu Dhabi City,41,Al Reem Island,57,2018/136266,1197,ocean scape,2022,Apartment / Duplex,7833.000000000000000,7k-9k,338.967930191018922,5180.652803957646938
Abu Dhabi City,41,Al Reem Island,57,2018/136266,1197,ocean scape,2023,Apartment / Duplex,7784.000000000000000,7k-9k,338.967930191018922,5180.652803957646938
Abu Dhabi City,41,Al Reem Island,57,2018/136266,1197,ocean scape,2024,Apartment / Duplex,7940.000000000000000,7k-9k,338.967930191018922,5180.652803957646938
Abu Dhabi City,41,Al Reem Island,57,2018/136266,1197,ocean scape,2025,Apartment / Duplex,9681.000000000000000,9k-10k,338.967930191018922,5180.652803957646938
Abu Dhabi City,41,Al Reem Island,57,2018/109101,1194,Reflection Tower B,2019,Apartment / Duplex,13770.000000000000000,13k-14k,232.941733895250394,2878.312399537966485
Abu Dhabi City,41,Al Reem Island,57,2018/109101,1194,Reflection Tower B,2020,Apartment / Duplex,13024.000000000000000,12k-15k,232.941733895250394,2878.312399537966485
Abu Dhabi City,41,Al Reem Island,57,2018/109101,1194,Reflection Tower B,2021,Apartment / Duplex,13050.000000000000000,12k-15k,232.941733895250394,2878.312399537966485
Abu Dhabi City,41,Al Reem Island,57,2018/109101,1194,Reflection Tower B,2022,Apartment / Duplex,13433.000000000000000,12k-15k,232.941733895250394,2878.312399537966485
Abu Dhabi City,41,Al Reem Island,57,2018/109101,1194,Reflection Tower B,2023,Apartment / Duplex,12811.000000000000000,12k-14k,232.941733895250394,2878.312399537966485
Abu Dhabi City,41,Al Reem Island,57,2018/109101,1194,Reflection Tower B,2024,Apartment / Duplex,12932.000000000000000,11k-15k,232.941733895250394,2878.312399537966485
Abu Dhabi City,41,Al Reem Island,57,2018/109101,1194,Reflection Tower B,2025,Apartment / Duplex,13814.000000000000000,12k-15k,232.941733895250394,2878.312399537966485
Abu Dhabi City,41,Al Reem Island,57,2018/109061,1193,Reflection Tower A,2022,Apartment / Duplex,13792.000000000000000,12k-15k,215.222987205973055,2617.644268436831226
Abu Dhabi City,41,Al Reem Island,57,2018/109061,1193,Reflection Tower A,2024,Apartment / Duplex,13156.000000000000000,12k-15k,215.222987205973055,2617.644268436831226
Abu Dhabi City,41,Al Reem Island,57,2018/109061,1193,Reflection Tower A,2025,Apartment / Duplex,13443.000000000000000,13k-14k,215.222987205973055,2617.644268436831226
Abu Dhabi City,41,Al Reem Island,57,2018/100615,1186,Beach Towers,2019,Apartment / Duplex,13277.000000000000000,13k-14k,327.546277312002644,6297.991931044165540
Abu Dhabi City,41,Al Reem Island,57,2018/100615,1186,Beach Towers,2020,Apartment / Duplex,12142.000000000000000,10k-13k,327.546277312002644,6297.991931044165540
Abu Dhabi City,41,Al Reem Island,57,2018/100615,1186,Beach Towers,2021,Apartment / Duplex,10473.000000000000000,10k-11k,327.546277312002644,6297.991931044165540
Abu Dhabi City,41,Al Reem Island,57,2018/100615,1186,Beach Towers,2022,Apartment / Duplex,10580.000000000000000,9k-12k,327.546277312002644,6297.991931044165540
Abu Dhabi City,41,Al Reem Island,57,2018/100615,1186,Beach Towers,2023,Apartment / Duplex,10447.000000000000000,10k-11k,327.546277312002644,6297.991931044165540
Abu Dhabi City,41,Al Reem Island,57,2018/100615,1186,Beach Towers,2024,Apartment / Duplex,10483.000000000000000,10k-11k,327.546277312002644,6297.991931044165540
Abu Dhabi City,41,Al Reem Island,57,2018/100615,1186,Beach Towers,2025,Apartment / Duplex,11751.000000000000000,11k-12k,327.546277312002644,6297.991931044165540
Abu Dhabi City,41,Al Reem Island,57,2018/23880,1172,Yasmina residence ,2019,Apartment / Duplex,15618.000000000000000,14k-17k,257.837508117489620,3578.643324601510812
Abu Dhabi City,41,Al Reem Island,57,2018/23880,1172,Yasmina residence ,2020,Apartment / Duplex,15590.000000000000000,14k-17k,257.837508117489620,3578.643324601510812
Abu Dhabi City,41,Al Reem Island,57,2018/23880,1172,Yasmina residence ,2021,Apartment / Duplex,15529.000000000000000,14k-17k,257.837508117489620,3578.643324601510812
Abu Dhabi City,41,Al Reem Island,57,2018/23880,1172,Yasmina residence ,2022,Apartment / Duplex,15627.000000000000000,14k-17k,257.837508117489620,3578.643324601510812
Abu Dhabi City,41,Al Reem Island,57,2018/23880,1172,Yasmina residence ,2023,Apartment / Duplex,15617.000000000000000,14k-17k,257.837508117489620,3578.643324601510812
Abu Dhabi City,41,Al Reem Island,57,2018/23880,1172,Yasmina residence ,2024,Apartment / Duplex,15673.000000000000000,15k-16k,257.837508117489620,3578.643324601510812
Abu Dhabi City,41,Al Reem Island,57,2018/23880,1172,Yasmina residence ,2025,Apartment / Duplex,15808.000000000000000,14k-17k,257.837508117489620,3578.643324601510812
Abu Dhabi City,41,Yas Island,1330,2017/389538,1147,Water's Edge - Precinct B,2019,Apartment / Duplex,12529.000000000000000,12k-13k,1440.787320684216866,104490.208433857042110
Abu Dhabi City,41,Yas Island,1330,2017/389538,1147,Water's Edge - Precinct B,2020,Apartment / Duplex,12638.000000000000000,12k-13k,1440.787320684216866,104490.208433857042110
Abu Dhabi City,41,Yas Island,1330,2017/389538,1147,Water's Edge - Precinct B,2021,Apartment / Duplex,12945.000000000000000,12k-14k,1440.787320684216866,104490.208433857042110
Abu Dhabi City,41,Yas Island,1330,2017/389538,1147,Water's Edge - Precinct B,2022,Apartment / Duplex,13243.000000000000000,12k-15k,1440.787320684216866,104490.208433857042110
Abu Dhabi City,41,Yas Island,1330,2017/389538,1147,Water's Edge - Precinct B,2023,Apartment / Duplex,13129.000000000000000,11k-15k,1440.787320684216866,104490.208433857042110
Abu Dhabi City,41,Yas Island,1330,2017/389538,1147,Water's Edge - Precinct B,2024,Apartment / Duplex,13611.000000000000000,13k-14k,1440.787320684216866,104490.208433857042110
Abu Dhabi City,41,Yas Island,1330,2017/389538,1147,Water's Edge - Precinct B,2025,Apartment / Duplex,15899.000000000000000,14k-17k,1440.787320684216866,104490.208433857042110
Abu Dhabi City,41,Yas Island,1330,2017/346613,1144,West Yas,2019,Villa / Townhouse,8731.000000000000000,8k-9k,6599.623867975426037,1231188.722927441354841
Abu Dhabi City,41,Yas Island,1330,2017/346613,1144,West Yas,2020,Villa / Townhouse,8739.000000000000000,8k-9k,6599.623867975426037,1231188.722927441354841
Abu Dhabi City,41,Yas Island,1330,2017/346613,1144,West Yas,2021,Villa / Townhouse,8749.000000000000000,8k-9k,6599.623867975426037,1231188.722927441354841
Abu Dhabi City,41,Yas Island,1330,2017/346613,1144,West Yas,2022,Villa / Townhouse,8698.000000000000000,8k-9k,6599.623867975426037,1231188.722927441354841
Abu Dhabi City,41,Yas Island,1330,2017/346613,1144,West Yas,2023,Villa / Townhouse,8676.000000000000000,8k-9k,6599.623867975426037,1231188.722927441354841
Abu Dhabi City,41,Yas Island,1330,2017/346613,1144,West Yas,2024,Villa / Townhouse,8714.000000000000000,8k-9k,6599.623867975426037,1231188.722927441354841
Abu Dhabi City,41,Yas Island,1330,2017/346613,1144,West Yas,2025,Villa / Townhouse,8773.000000000000000,8k-9k,6599.623867975426037,1231188.722927441354841
Abu Dhabi City,41,Yas Island,1330,2017/288702,1120,Water's Edge Precinct A,2019,Apartment / Duplex,11934.000000000000000,11k-13k,1263.009263711927815,70552.031922607857268
Abu Dhabi City,41,Yas Island,1330,2017/288702,1120,Water's Edge Precinct A,2020,Apartment / Duplex,12294.000000000000000,12k-13k,1263.009263711927815,70552.031922607857268
Abu Dhabi City,41,Yas Island,1330,2017/288702,1120,Water's Edge Precinct A,2021,Apartment / Duplex,12637.000000000000000,12k-13k,1263.009263711927815,70552.031922607857268
Abu Dhabi City,41,Yas Island,1330,2017/288702,1120,Water's Edge Precinct A,2022,Apartment / Duplex,12390.000000000000000,11k-14k,1263.009263711927815,70552.031922607857268
Abu Dhabi City,41,Yas Island,1330,2017/288702,1120,Water's Edge Precinct A,2023,Apartment / Duplex,12699.000000000000000,12k-13k,1263.009263711927815,70552.031922607857268
Abu Dhabi City,41,Yas Island,1330,2017/288702,1120,Water's Edge Precinct A,2024,Apartment / Duplex,13587.000000000000000,13k-14k,1263.009263711927815,70552.031922607857268
Abu Dhabi City,41,Yas Island,1330,2017/288702,1120,Water's Edge Precinct A,2025,Apartment / Duplex,15271.000000000000000,14k-16k,1263.009263711927815,70552.031922607857268
Abu Dhabi City,41,Al Reem Island,57,2017/23187,1115,City of Lights Towers,2020,Apartment / Duplex,12509.000000000000000,11k-14k,442.450731514265783,11995.516493059807544
Abu Dhabi City,41,Al Reem Island,57,2017/23187,1115,City of Lights Towers,2021,Apartment / Duplex,12031.000000000000000,12k-13k,442.450731514265783,11995.516493059807544
Abu Dhabi City,41,Al Reem Island,57,2017/23187,1115,City of Lights Towers,2022,Apartment / Duplex,11939.000000000000000,11k-13k,442.450731514265783,11995.516493059807544
Abu Dhabi City,41,Al Reem Island,57,2017/23187,1115,City of Lights Towers,2023,Apartment / Duplex,11684.000000000000000,11k-12k,442.450731514265783,11995.516493059807544
Abu Dhabi City,41,Al Reem Island,57,2017/23187,1115,City of Lights Towers,2024,Apartment / Duplex,11143.000000000000000,10k-13k,442.450731514265783,11995.516493059807544
Abu Dhabi City,41,Al Reem Island,57,2017/23187,1115,City of Lights Towers,2025,Apartment / Duplex,11102.000000000000000,10k-13k,442.450731514265783,11995.516493059807544
Abu Dhabi City,41,Al Reem Island,57,2017/196497,1113,Marina Square,2019,Apartment / Duplex,11978.000000000000000,11k-13k,2283.887259336777333,267347.168617790332064
Abu Dhabi City,41,Al Reem Island,57,2017/196497,1113,Marina Square,2020,Apartment / Duplex,10896.000000000000000,9k-13k,2283.887259336777333,267347.168617790332064
Abu Dhabi City,41,Al Reem Island,57,2017/196497,1113,Marina Square,2021,Apartment / Duplex,9126.000000000000000,8k-10k,2283.887259336777333,267347.168617790332064
Abu Dhabi City,41,Al Reem Island,57,2017/196497,1113,Marina Square,2022,Apartment / Duplex,9370.000000000000000,9k-10k,2283.887259336777333,267347.168617790332064
Abu Dhabi City,41,Al Reem Island,57,2017/196497,1113,Marina Square,2023,Apartment / Duplex,9208.000000000000000,9k-10k,2283.887259336777333,267347.168617790332064
Abu Dhabi City,41,Al Reem Island,57,2017/196497,1113,Marina Square,2024,Apartment / Duplex,9491.000000000000000,9k-10k,2283.887259336777333,267347.168617790332064
Abu Dhabi City,41,Al Reem Island,57,2017/196497,1113,Marina Square,2025,Apartment / Duplex,11438.000000000000000,10k-13k,2283.887259336777333,267347.168617790332064
Abu Dhabi City,41,Al Reem Island,57,2017/95946,1062,City of Light ,2019,Apartment / Duplex,15600.000000000000000,14k-16k,446.764221314611291,10439.782421436404547
Abu Dhabi City,41,Al Reem Island,57,2017/95946,1062,City of Light ,2020,Apartment / Duplex,15450.000000000000000,15k-16k,446.764221314611291,10439.782421436404547
Abu Dhabi City,41,Al Reem Island,57,2017/95946,1062,City of Light ,2021,Apartment / Duplex,13985.000000000000000,13k-15k,446.764221314611291,10439.782421436404547
Abu Dhabi City,41,Al Reem Island,57,2017/95946,1062,City of Light ,2022,Apartment / Duplex,10441.000000000000000,9k-12k,446.764221314611291,10439.782421436404547
Abu Dhabi City,41,Al Reem Island,57,2017/95946,1062,City of Light ,2023,Apartment / Duplex,10459.000000000000000,10k-11k,446.764221314611291,10439.782421436404547
Abu Dhabi City,41,Al Reem Island,57,2017/95946,1062,City of Light ,2024,Apartment / Duplex,10263.000000000000000,10k-11k,446.764221314611291,10439.782421436404547
Abu Dhabi City,41,Al Reem Island,57,2017/95946,1062,City of Light ,2025,Apartment / Duplex,11031.000000000000000,10k-12k,446.764221314611291,10439.782421436404547
Abu Dhabi City,41,Al Reem Island,57,2017/119694,1059,The Bridges,2019,Apartment / Duplex,12061.000000000000000,11k-13k,503.200584916120476,16162.348597993895964
Abu Dhabi City,41,Al Reem Island,57,2017/119694,1059,The Bridges,2020,Apartment / Duplex,12067.000000000000000,11k-13k,503.200584916120476,16162.348597993895964
Abu Dhabi City,41,Al Reem Island,57,2017/119694,1059,The Bridges,2021,Apartment / Duplex,11235.000000000000000,10k-12k,503.200584916120476,16162.348597993895964
Abu Dhabi City,41,Al Reem Island,57,2017/119694,1059,The Bridges,2022,Apartment / Duplex,11335.000000000000000,10k-13k,503.200584916120476,16162.348597993895964
Abu Dhabi City,41,Al Reem Island,57,2017/119694,1059,The Bridges,2023,Apartment / Duplex,11295.000000000000000,10k-13k,503.200584916120476,16162.348597993895964
Abu Dhabi City,41,Al Reem Island,57,2017/119694,1059,The Bridges,2024,Apartment / Duplex,11717.000000000000000,11k-12k,503.200584916120476,16162.348597993895964
Abu Dhabi City,41,Al Reem Island,57,2017/119694,1059,The Bridges,2025,Apartment / Duplex,13251.000000000000000,12k-14k,503.200584916120476,16162.348597993895964
Abu Dhabi City,41,Al Reem Island,57,2017/27063,1050,Park View,2022,Apartment / Duplex,11320.000000000000000,10k-12k,202.311339907158100,2376.386830983698474
Abu Dhabi City,41,Al Reem Island,57,2017/27063,1050,Park View,2023,Apartment / Duplex,12132.000000000000000,11k-12k,202.311339907158100,2376.386830983698474
Abu Dhabi City,41,Al Reem Island,57,2017/27063,1050,Park View,2024,Apartment / Duplex,13699.000000000000000,12k-15k,202.311339907158100,2376.386830983698474
Abu Dhabi City,41,Al Reem Island,57,2017/27063,1050,Park View,2025,Apartment / Duplex,13851.000000000000000,12k-16k,202.311339907158100,2376.386830983698474
Abu Dhabi City,41,Al Reem Island,57,2017/35224,1028,City of lights,2019,Apartment / Duplex,16735.000000000000000,16k-17k,532.094366371227238,14172.954798299304457
Abu Dhabi City,41,Al Reem Island,57,2017/35224,1028,City of lights,2020,Apartment / Duplex,17372.000000000000000,16k-19k,532.094366371227238,14172.954798299304457
Abu Dhabi City,41,Al Reem Island,57,2017/35224,1028,City of lights,2021,Apartment / Duplex,15949.000000000000000,15k-17k,532.094366371227238,14172.954798299304457
Abu Dhabi City,41,Al Reem Island,57,2017/35224,1028,City of lights,2022,Apartment / Duplex,13260.000000000000000,12k-15k,532.094366371227238,14172.954798299304457
Abu Dhabi City,41,Al Reem Island,57,2017/35224,1028,City of lights,2023,Apartment / Duplex,11520.000000000000000,11k-12k,532.094366371227238,14172.954798299304457
Abu Dhabi City,41,Al Reem Island,57,2017/35224,1028,City of lights,2024,Apartment / Duplex,9729.000000000000000,9k-10k,532.094366371227238,14172.954798299304457
Abu Dhabi City,41,Al Reem Island,57,2017/35224,1028,City of lights,2025,Apartment / Duplex,10430.000000000000000,10k-12k,532.094366371227238,14172.954798299304457
Abu Dhabi City,41,Al Reem Island,57,2017/32957,1027,The Gate,2019,Apartment / Duplex,14701.000000000000000,14k-15k,1119.497846490735355,67452.134490001422819
Abu Dhabi City,41,Al Reem Island,57,2017/32957,1027,The Gate,2020,Apartment / Duplex,12373.000000000000000,10k-15k,1119.497846490735355,67452.134490001422819
Abu Dhabi City,41,Al Reem Island,57,2017/32957,1027,The Gate,2021,Apartment / Duplex,9749.000000000000000,9k-11k,1119.497846490735355,67452.134490001422819
Abu Dhabi City,41,Al Reem Island,57,2017/32957,1027,The Gate,2022,Apartment / Duplex,9832.000000000000000,9k-11k,1119.497846490735355,67452.134490001422819
Abu Dhabi City,41,Al Reem Island,57,2017/32957,1027,The Gate,2023,Apartment / Duplex,9801.000000000000000,9k-11k,1119.497846490735355,67452.134490001422819
Abu Dhabi City,41,Al Reem Island,57,2017/32957,1027,The Gate,2024,Apartment / Duplex,10047.000000000000000,9k-11k,1119.497846490735355,67452.134490001422819
Abu Dhabi City,41,Al Reem Island,57,2017/32957,1027,The Gate,2025,Apartment / Duplex,11462.000000000000000,10k-12k,1119.497846490735355,67452.134490001422819
Abu Dhabi City,41,Yas Island,1330,2017/2846,1025,Ansam,2019,Apartment / Duplex,14310.000000000000000,13k-16k,1001.941046719955239,48716.409363889455562
Abu Dhabi City,41,Yas Island,1330,2017/2846,1025,Ansam,2020,Apartment / Duplex,13454.000000000000000,13k-14k,1001.941046719955239,48716.409363889455562
Abu Dhabi City,41,Yas Island,1330,2017/2846,1025,Ansam,2021,Apartment / Duplex,12409.000000000000000,12k-13k,1001.941046719955239,48716.409363889455562
Abu Dhabi City,41,Yas Island,1330,2017/2846,1025,Ansam,2022,Apartment / Duplex,12794.000000000000000,11k-14k,1001.941046719955239,48716.409363889455562
Abu Dhabi City,41,Yas Island,1330,2017/2846,1025,Ansam,2023,Apartment / Duplex,13369.000000000000000,13k-14k,1001.941046719955239,48716.409363889455562
Abu Dhabi City,41,Yas Island,1330,2017/2846,1025,Ansam,2024,Apartment / Duplex,14570.000000000000000,14k-15k,1001.941046719955239,48716.409363889455562
Abu Dhabi City,41,Yas Island,1330,2017/2846,1025,Ansam,2025,Apartment / Duplex,17297.000000000000000,15k-18k,1001.941046719955239,48716.409363889455562
Abu Dhabi City,41,Al Reem Island,57,2016/409776,1024,Sun and Sky,2019,Apartment / Duplex,14070.000000000000000,13k-15k,908.207764237335368,40931.166419489672990
Abu Dhabi City,41,Al Reem Island,57,2016/409776,1024,Sun and Sky,2020,Apartment / Duplex,12071.000000000000000,11k-14k,908.207764237335368,40931.166419489672990
Abu Dhabi City,41,Al Reem Island,57,2016/409776,1024,Sun and Sky,2021,Apartment / Duplex,10159.000000000000000,10k-11k,908.207764237335368,40931.166419489672990
Abu Dhabi City,41,Al Reem Island,57,2016/409776,1024,Sun and Sky,2022,Apartment / Duplex,10130.000000000000000,9k-11k,908.207764237335368,40931.166419489672990
Abu Dhabi City,41,Al Reem Island,57,2016/409776,1024,Sun and Sky,2023,Apartment / Duplex,10052.000000000000000,9k-11k,908.207764237335368,40931.166419489672990
Abu Dhabi City,41,Al Reem Island,57,2016/409776,1024,Sun and Sky,2024,Apartment / Duplex,10660.000000000000000,10k-11k,908.207764237335368,40931.166419489672990
Abu Dhabi City,41,Al Reem Island,57,2016/409776,1024,Sun and Sky,2025,Apartment / Duplex,13442.000000000000000,12k-15k,908.207764237335368,40931.166419489672990
Abu Dhabi City,41,Yas Island,1330,2016/377676,1018,Mayan,2019,Apartment / Duplex,16278.000000000000000,15k-18k,1052.110048396389629,32717.105979018571816
Abu Dhabi City,41,Yas Island,1330,2016/377676,1018,Mayan,2020,Apartment / Duplex,16251.000000000000000,14k-18k,1052.110048396389629,32717.105979018571816
Abu Dhabi City,41,Yas Island,1330,2016/377676,1018,Mayan,2021,Apartment / Duplex,16172.000000000000000,16k-17k,1052.110048396389629,32717.105979018571816
Abu Dhabi City,41,Yas Island,1330,2016/377676,1018,Mayan,2022,Apartment / Duplex,16647.000000000000000,16k-17k,1052.110048396389629,32717.105979018571816
Abu Dhabi City,41,Yas Island,1330,2016/377676,1018,Mayan,2023,Apartment / Duplex,16435.000000000000000,15k-17k,1052.110048396389629,32717.105979018571816
Abu Dhabi City,41,Yas Island,1330,2016/377676,1018,Mayan,2024,Apartment / Duplex,18064.000000000000000,18k-19k,1052.110048396389629,32717.105979018571816
Abu Dhabi City,41,Yas Island,1330,2016/377676,1018,Mayan,2025,Apartment / Duplex,19121.000000000000000,18k-20k,1052.110048396389629,32717.105979018571816
Abu Dhabi City,41,Al Reem Island,57,2016/377771,1017,Meera,2019,Apartment / Duplex,14018.000000000000000,12k-16k,393.652019648464886,7716.816182303680762
Abu Dhabi City,41,Al Reem Island,57,2016/377771,1017,Meera,2020,Apartment / Duplex,12855.000000000000000,12k-13k,393.652019648464886,7716.816182303680762
Abu Dhabi City,41,Al Reem Island,57,2016/377771,1017,Meera,2021,Apartment / Duplex,11002.000000000000000,11k-12k,393.652019648464886,7716.816182303680762
Abu Dhabi City,41,Al Reem Island,57,2016/377771,1017,Meera,2022,Apartment / Duplex,10976.000000000000000,10k-12k,393.652019648464886,7716.816182303680762
Abu Dhabi City,41,Al Reem Island,57,2016/377771,1017,Meera,2023,Apartment / Duplex,11123.000000000000000,10k-12k,393.652019648464886,7716.816182303680762
Abu Dhabi City,41,Al Reem Island,57,2016/377771,1017,Meera,2024,Apartment / Duplex,11534.000000000000000,11k-12k,393.652019648464886,7716.816182303680762
Abu Dhabi City,41,Al Reem Island,57,2016/377771,1017,Meera,2025,Apartment / Duplex,13537.000000000000000,12k-15k,393.652019648464886,7716.816182303680762
Abu Dhabi City,41,Yas Island,1330,2016/261732,1008,YAS ACRES-Precinct3,2019,Villa / Townhouse,10624.000000000000000,10k-11k,1885.667512266410540,157187.780688845959958
Abu Dhabi City,41,Yas Island,1330,2016/261732,1008,YAS ACRES-Precinct3,2020,Villa / Townhouse,10408.000000000000000,10k-11k,1885.667512266410540,157187.780688845959958
Abu Dhabi City,41,Yas Island,1330,2016/261732,1008,YAS ACRES-Precinct3,2021,Villa / Townhouse,10520.000000000000000,10k-11k,1885.667512266410540,157187.780688845959958
Abu Dhabi City,41,Yas Island,1330,2016/261732,1008,YAS ACRES-Precinct3,2022,Villa / Townhouse,12673.000000000000000,11k-14k,1885.667512266410540,157187.780688845959958
Abu Dhabi City,41,Yas Island,1330,2016/261732,1008,YAS ACRES-Precinct3,2023,Villa / Townhouse,13003.000000000000000,11k-15k,1885.667512266410540,157187.780688845959958
Abu Dhabi City,41,Yas Island,1330,2016/261732,1008,YAS ACRES-Precinct3,2024,Villa / Townhouse,13728.000000000000000,13k-14k,1885.667512266410540,157187.780688845959958
Abu Dhabi City,41,Yas Island,1330,2016/261732,1008,YAS ACRES-Precinct3,2025,Villa / Townhouse,14484.000000000000000,14k-15k,1885.667512266410540,157187.780688845959958
Abu Dhabi City,41,Yas Island,1330,2016/179574,1007,YAS Acres- Precinct7,2019,Villa / Townhouse,11267.000000000000000,11k-12k,2567.184884424713800,141052.836376528342953
Abu Dhabi City,41,Yas Island,1330,2016/179574,1007,YAS Acres- Precinct7,2020,Villa / Townhouse,11688.000000000000000,10k-13k,2567.184884424713800,141052.836376528342953
Abu Dhabi City,41,Yas Island,1330,2016/179574,1007,YAS Acres- Precinct7,2023,Villa / Townhouse,12407.000000000000000,12k-13k,2567.184884424713800,141052.836376528342953
Abu Dhabi City,41,Yas Island,1330,2016/179574,1007,YAS Acres- Precinct7,2024,Villa / Townhouse,13617.000000000000000,13k-14k,2567.184884424713800,141052.836376528342953
Abu Dhabi City,41,Yas Island,1330,2016/179574,1007,YAS Acres- Precinct7,2025,Villa / Townhouse,14534.000000000000000,14k-15k,2567.184884424713800,141052.836376528342953
Abu Dhabi City,41,Yas Island,1330,2016/172918,1000,YAS ACRES-Precinct 1,2019,Villa / Townhouse,10723.000000000000000,9k-12k,1961.882293480008684,231947.188662939355709
Abu Dhabi City,41,Yas Island,1330,2016/172918,1000,YAS ACRES-Precinct 1,2020,Villa / Townhouse,10564.000000000000000,10k-11k,1961.882293480008684,231947.188662939355709
Abu Dhabi City,41,Yas Island,1330,2016/172918,1000,YAS ACRES-Precinct 1,2022,Villa / Townhouse,12134.000000000000000,11k-13k,1961.882293480008684,231947.188662939355709
Abu Dhabi City,41,Yas Island,1330,2016/172918,1000,YAS ACRES-Precinct 1,2023,Villa / Townhouse,13003.000000000000000,11k-15k,1961.882293480008684,231947.188662939355709
Abu Dhabi City,41,Yas Island,1330,2016/172918,1000,YAS ACRES-Precinct 1,2024,Villa / Townhouse,13738.000000000000000,12k-16k,1961.882293480008684,231947.188662939355709
Abu Dhabi City,41,Yas Island,1330,2016/172918,1000,YAS ACRES-Precinct 1,2025,Villa / Townhouse,14518.000000000000000,14k-15k,1961.882293480008684,231947.188662939355709
Abu Dhabi City,41,Al Reem Island,57,2025-08,,SEAMONT RESIDENCES,2025,Apartment / Duplex,27151.000000000000000,24k-30k,467.531188820870000,9821.621837491375118
